1659503675.454555,23957.03854283919
1659503680.454555,35269.06897294547
1659503685.454555,25124.33790203463
1659503690.454555,18013.456817005936
1659503695.454555,20791.262663329664
1659503700.454555,23263.027482249516
1659503705.454555,23775.863544079133
1659503710.454555,23436.244265003304
1659503715.454555,21726.28306287409
1659503720.454555,19030.37253488098
1659503725.454555,14411.853231851528
1659503730.454555,-26705.726954869846
1659503735.454555,-16226.543500180811
1659503740.454555,-16226.543500180811
1659503745.454555,-20244.69680874012
1659503750.454555,-33323.16503589494
1659503755.454555,-27356.578354827816
1659503760.454555,1487.9874047697713
1659503765.454555,3485.0481085779556
1659503770.454555,5200.796369861867
1659503775.454555,5200.796369861867
1659503780.454555,5200.796369861867
1659503785.454555,4869.113762231809
1659503790.454555,4869.113762231809
1659503795.454555,838
1659503800.454555,0
1659503805.454555,47950
1659503810.454555,39641.9728146212
1659503815.454555,26780.641301065905
1659503820.454555,23772.643406828727
1659503825.454555,8990.369561601587
1659503830.454555,28912.866187428564
1659503835.454555,16956.39025428208
1659503840.454555,10383.272802984016
1659503845.454555,24238.08870402394
1659503850.454555,19364.72949054454
1659503855.454555,14635.739236249205
1659503860.454555,14975.998709408235
1659503865.454555,10179.651254939037
1659503870.454555,15349.748403742688
1659503875.454555,15654.740037474648
1659503880.454555,10648.375758341506
1659503885.454555,12134.417401772524
1659503890.454555,11334.183528378671
1659503895.454555,16872.93922694477
1659503900.454555,15923.53374847164
1659503905.454555,15923.53374847164
1659503910.454555,21410.992160211485
1659503915.454555,28466.828050003965
1659503920.454555,28466.828050003965
1659503925.454555,20453.87545862556
1659503930.454555,43033.603496343516
1659503935.454555,34979.96839428399
1659503940.454555,34837.14081248217
1659503945.454555,35976.33694152077
1659503950.454555,35976.33694152077
1659503955.454555,23007.74973701334
1659503960.454555,7599.917408474059
1659503965.454555,31108.71749480477
1659503970.454555,35605.499779796315
1659503975.454555,38241.43394830406
1659503980.454555,-1089.2278223953108
1659503985.454555,46182.754216853595
1659503990.454555,68532.13950891001
1659503995.454555,56836.7096240159
1659504000.454555,69286.84009153713
1659504005.454555,69286.84009153713
1659504010.454555,51860.12756281482
1659504015.454555,48145.725891418806
1659504020.454555,3659.2422881608054
1659504025.454555,-6802.931941897094
1659504030.454555,2834.3291811435997
1659504035.454555,5923.27725490854
1659504040.454555,8338.081495450275
1659504045.454555,-197.44939735983644
1659504050.454555,21199.79511389351
1659504055.454555,21199.79511389351
1659504060.454555,15400.083381185705
1659504065.454555,16239.177690379518
1659504070.454555,6843.665557592145
1659504075.454555,5046.308504584693
1659504080.454555,2892.997644265079
1659504085.454555,13355.388897627041
1659504090.454555,14756.752028519228
1659504095.454555,23338.488554640575
1659504100.454555,27749.597686071073
1659504105.454555,28549.91234483524
1659504110.454555,28549.91234483524
1659504115.454555,35259.36096288819
1659504120.454555,24193.497055895932
1659504125.454555,15591.519775806519
1659504130.454555,15591.519775806519
1659504135.454555,1917
1659504140.454555,1916.98223054686
1659504145.454555,1916.98223054686
1659504150.454555,1150
1659504155.454555,1150
1659504160.454555,1150
1659504165.454555,5508.301671026526
1659504170.454555,27749.346714051673
1659504175.454555,32471.024381639043
1659504180.454555,22712.4672899565
1659504185.454555,30640.726886349225
1659504190.454555,22308.933469167452
1659504195.454555,30010.494594526244
1659504200.454555,24485.4284685457
1659504205.454555,31494.193474995576
1659504210.454555,33518.853529888045
1659504215.454555,36961.48830213385
1659504220.454555,41185.39663351422
1659504225.454555,35314.91451293693
1659504230.454555,35721.03775732401
1659504235.454555,37901.000035014586
1659504240.454555,12817.59961066757
1659504245.454555,10022.814112609958
1659504250.454555,1487.9999962932432
1659504255.454555,1152
1659504260.454555,1152
1659504265.454555,1152
1659504270.454555,1152
1659504275.454555,9616
1659504280.454555,9725.247809652137
1659504285.454555,12364.64334339559
1659504290.454555,10887.846630394739
1659504295.454555,17350.755158082426
1659504300.454555,37523.63921956297
1659504305.454555,36617.89649103883
1659504310.454555,44547.47205859844
1659504315.454555,42264.086858477545
1659504320.454555,38852.69286395836
1659504325.454555,43766.966913439406
1659504330.454555,33525.54461924423
1659504335.454555,24055.73059165993
1659504340.454555,26874.69886691121
1659504345.454555,28396.33186265581
1659504350.454555,19877.05221246116
1659504355.454555,13507.600783766842
1659504360.454555,14936.990570369395
1659504365.454555,20186.196113037055
1659504370.454555,21388.46721775356
1659504375.454555,19609.26333643343
1659504380.454555,19609.26333643343
1659504385.454555,24949.942781720045
1659504390.454555,28131.00873277141
1659504395.454555,29829.621650361485
1659504400.454555,46598.39859440681
1659504405.454555,26608.533569475665
1659504410.454555,21824.020973276416
1659504415.454555,34538.52391997024
1659504420.454555,6870.267661313092
1659504425.454555,1282.4981675491333
1659504430.454555,2018.8567450576018
1659504435.454555,6951.991962204563
1659504440.454555,3091.5270777727096
1659504445.454555,-778.5060369633487
1659504450.454555,36615.90140325138
1659504455.454555,36615.90140325138
1659504460.454555,41490.91091139946
1659504465.454555,1210.9947999934795
1659504470.454555,2984
1659504475.454555,2983.9745018325166
1659504480.454555,10519.24964906618
1659504485.454555,19144.693213076756
1659504490.454555,19144.693213076756
1659504495.454555,39834.89517302163
1659504500.454555,27309.560594431707
1659504505.454555,11057.754541854385
1659504510.454555,24571.90389576828
1659504515.454555,26807.25791010861
1659504520.454555,20614.691282486398
1659504525.454555,15140.197824519773
1659504530.454555,15130.672648333704
1659504535.454555,16131.990185687331
1659504540.454555,3920.0721756056955
1659504545.454555,18919.508904248636
1659504550.454555,18586.271455818154
1659504555.454555,16621.125245633393
1659504560.454555,11366.956191184998
1659504565.454555,15916.8253955578
1659504570.454555,17652.85955553225
1659504575.454555,20627.77864760123
1659504580.454555,25718.118451089416
1659504585.454555,42527.11544547779
1659504590.454555,41850.39448566333
1659504595.454555,29711.39027398501
1659504600.454555,0
1659504605.454555,0
1659504610.454555,0
1659504615.454555,3379
1659504620.454555,3379
1659504625.454555,7326.880824926422
1659504630.454555,56560.805746703314
1659504635.454555,34404.15710216093
1659504640.454555,34404.15710216093
1659504645.454555,41842.771674861055
1659504650.454555,41842.771674861055
1659504655.454555,44956.52448050434
1659504660.454555,8119.989469694884
1659504665.454555,2114
1659504670.454555,2114
1659504675.454555,2114
1659504680.454555,2113.9998007730455
1659504685.454555,2113.9998007730455
1659504690.454555,2536.5936394552473
1659504695.454555,2454.968068133823
1659504700.454555,2454.968068133823
1659504705.454555,2454.968068133823
1659504710.454555,1430
1659504715.454555,1429.974995157059
1659504720.454555,2766
1659504725.454555,2766.039677865441
1659504730.454555,2766.039677865441
1659504735.454555,2766.039677865441
1659504740.454555,2766.039677865441
1659504745.454555,1248
1659504750.454555,1248.0422476350016
1659504755.454555,3570
1659504760.454555,23751.43920745619
1659504765.454555,16416.72236657509
1659504770.454555,19206.227843616303
1659504775.454555,13516.369677838187
1659504780.454555,12029.987053803838
1659504785.454555,8365.92359727692
1659504790.454555,5031.076713738008
1659504795.454555,2973.715488146913
1659504800.454555,2528.810749045214
1659504805.454555,6705.382270472059
1659504810.454555,6705.382270472059
1659504815.454555,4352.428100212512
1659504820.454555,4352.428100212512
1659504825.454555,4352.428100212512
1659504830.454555,2211.0812665656267
1659504835.454555,2282.9814670068827
1659504840.454555,2282.9814670068827
1659504845.454555,1453
1659504850.454555,1452.9864352902407
1659504855.454555,1452.9864352902407
1659504860.454555,2385
1659504865.454555,2385.004357755569
1659504870.454555,2385.004357755569
1659504875.454555,2385.004357755569
1659504880.454555,2587.073131646207
1659504885.454555,5530.729988055666
1659504890.454555,13841.799702749702
1659504895.454555,17365.06869433499
1659504900.454555,12740.388119849093
1659504905.454555,12740.388119849093
1659504910.454555,11880.206248577806
1659504915.454555,12865.39269073157
1659504920.454555,5616.201600212772
1659504925.454555,24728.09579514281
1659504930.454555,35751.821970681776
1659504935.454555,27809.940243198762
1659504940.454555,33106.28182380502
1659504945.454555,33106.28182380502
1659504950.454555,33106.28182380502
1659504955.454555,1367
1659504960.454555,1367.0591048310216
1659504965.454555,3279.010190319994
1659504970.454555,7246.4558739916265
1659504975.454555,9175.790072867649
1659504980.454555,7003.491459253689
1659504985.454555,6611.6005179263875
1659504990.454555,6002.146952535964
1659504995.454555,6222.790864408144
1659505000.454555,27425.752117001713
1659505005.454555,10262.478983733161
1659505010.454555,11568.641341444105
1659505015.454555,-3911.4713079846206
1659505020.454555,-2638.9112833303225
1659505025.454555,71.92308355707837
1659505030.454555,-7686.20403566785
1659505035.454555,-12076.078882059157
1659505040.454555,-9686.431303711384
1659505045.454555,12631.460694375803
1659505050.454555,14496.755129625852
1659505055.454555,2487.0082879187044
1659505060.454555,21351.870616256307
1659505065.454555,21351.870616256307
1659505070.454555,46462.08549025869
1659505075.454555,44074.68353730769
1659505080.454555,44074.68353730769
1659505085.454555,39460.55736201595
1659505090.454555,40679.450823886335
1659505095.454555,40679.450823886335
1659505100.454555,21146.932113944484
1659505105.454555,13943.757753859394
1659505110.454555,10860.984139544811
1659505115.454555,3527.00197165346
1659505120.454555,18104.99453015923
1659505125.454555,18104.99453015923
1659505130.454555,25812.254969487043
1659505135.454555,26210.020689398378
1659505140.454555,40662.26274874889
1659505145.454555,25540.823367450546
1659505150.454555,5805.843071722258
1659505155.454555,5805.843071722258
1659505160.454555,9246.187282145913
1659505165.454555,12958.83996769805
1659505170.454555,17730.53061256675
1659505175.454555,26503.014906905453
1659505180.454555,24000.923702366457
1659505185.454555,28925.84260184612
1659505190.454555,22236.007310375633
1659505195.454555,23616.811310829107
1659505200.454555,59345.77569936556
1659505205.454555,51938.29604271859
1659505210.454555,52296.79535894506
1659505215.454555,60198.30353740076
1659505220.454555,58660.53240213515
1659505225.454555,53057.47097605675
1659505230.454555,26950.441204170504
1659505235.454555,19945.373569239797
1659505240.454555,11371.462603771615
1659505245.454555,19884.105159626324
1659505250.454555,15375.301077413827
1659505255.454555,17783.177965977815
1659505260.454555,14687.50198857445
1659505265.454555,8556.409599719154
1659505270.454555,8556.409599719154
1659505275.454555,14438.383054384689
1659505280.454555,17489.684804267563
1659505285.454555,26746.476470953392
1659505290.454555,27321.15924518249
1659505295.454555,26469.2982101365
1659505300.454555,24777.325738795087
1659505305.454555,19595.375554288774
1659505310.454555,15403.822047683694
1659505315.454555,12640.57548713952
1659505320.454555,19441.74613313405
1659505325.454555,19441.74613313405
1659505330.454555,24332.884337057367
1659505335.454555,8672
1659505340.454555,29302.74237707221
1659505345.454555,14516.725519039348
1659505350.454555,14516.725519039348
1659505355.454555,21222.97642318658
1659505360.454555,18683.397355592006
1659505365.454555,26413.002559091292
1659505370.454555,22957.336418154442
1659505375.454555,23552.4940290367
1659505380.454555,29796.63313110309
1659505385.454555,52486.74795761374
1659505390.454555,52413.79223641932
1659505395.454555,53073.47428857147
1659505400.454555,53317.96799266743
1659505405.454555,52191.886568513764
1659505410.454555,52348.94943527613
1659505415.454555,23863.453485971117
1659505420.454555,25484.53752771268
1659505425.454555,32652.67595555568
1659505430.454555,35632.59864436234
1659505435.454555,40975.52096190407
1659505440.454555,28112.77658603282
1659505445.454555,32552.23169151653
1659505450.454555,32552.23169151653
1659505455.454555,27820.090296252467
1659505460.454555,27820.090296252467
1659505465.454555,633
1659505470.454555,0
1659505475.454555,0
1659505480.454555,0
1659505485.454555,0
1659505490.454555,15377
1659505495.454555,15377.105248335527
1659505500.454555,15377.105248335527
1659505505.454555,15377.105248335527
1659505510.454555,15377.105248335527
1659505515.454555,15377.105248335527
1659505520.454555,1230.9999921203516
1659505525.454555,1609
1659505530.454555,1609
1659505535.454555,1609
1659505540.454555,1609.014343704258
1659505545.454555,1609.014343704258
1659505550.454555,600
1659505555.454555,600
1659505560.454555,600
1659505565.454555,600
1659505570.454555,0
1659505575.454555,0
1659505580.454555,0
1659505585.454555,0
1659505590.454555,934
1659505595.454555,934
1659505600.454555,934
1659505605.454555,934
1659505610.454555,934
1659505615.454555,934
1659505620.454555,0
1659505625.454555,200
1659505630.454555,200
1659505635.454555,200
1659505640.454555,200
1659505645.454555,200
1659505650.454555,200
1659505655.454555,0
1659505660.454555,0
1659505665.454555,0
1659505670.454555,0
1659505675.454555,0
1659505680.454555,0
1659505685.454555,0
1659505690.454555,0
1659505695.454555,0
1659505700.454555,0
1659505705.454555,0
1659505710.454555,0
1659505715.454555,0
1659505720.454555,0
1659505725.454555,0
1659505730.454555,0
1659505735.454555,0
1659505740.454555,0
1659505745.454555,0
1659505750.454555,0
1659505755.454555,0
1659505760.454555,0
1659505765.454555,0
1659505770.454555,0
1659505775.454555,0
1659505780.454555,1602
1659505785.454555,1602
1659505790.454555,1602
1659505795.454555,1602
1659505800.454555,1602.0125690165114
1659505805.454555,1602.0125690165114
1659505810.454555,944
1659505815.454555,944
1659505820.454555,944
1659505825.454555,944
1659505830.454555,0
1659505835.454555,1019.0197780501237
1659505840.454555,1019.0197780501237
1659505845.454555,1019.0197780501237
1659505850.454555,1019.0197780501237
1659505855.454555,1019.0197780501237
1659505860.454555,1019.0197780501237
1659505865.454555,0
1659505870.454555,0
1659505875.454555,0
1659505880.454555,0
1659505885.454555,0
1659505890.454555,0
1659505895.454555,0
1659505900.454555,0
1659505905.454555,0
1659505910.454555,0
1659505915.454555,0
1659505920.454555,0
1659505925.454555,1292
1659505930.454555,1292
1659505935.454555,1292
1659505940.454555,1292
1659505945.454555,1292
1659505950.454555,1291.9986417605537
1659505955.454555,1945
1659505960.454555,1945
1659505965.454555,1945
1659505970.454555,1945.0397635214622
1659505975.454555,1945.0397635214622
1659505980.454555,852
1659505985.454555,852
1659505990.454555,852
1659505995.454555,852
1659506000.454555,0
1659506005.454555,2197
1659506010.454555,2197
1659506015.454555,2197
1659506020.454555,2197.0687273450562
1659506025.454555,2197.0687273450562
1659506030.454555,2197.0687273450562
1659506035.454555,747
1659506040.454555,747
1659506045.454555,747
1659506050.454555,0
1659506055.454555,0
1659506060.454555,305
1659506065.454555,305
1659506070.454555,305
1659506075.454555,305
1659506080.454555,305
1659506085.454555,305
1659506090.454555,0
1659506095.454555,0
1659506100.454555,0
1659506105.454555,0
1659506110.454555,0
1659506115.454555,0
1659506120.454555,0
1659506125.454555,0
1659506130.454555,0
1659506135.454555,0
1659506140.454555,0
1659506145.454555,0
1659506150.454555,0
1659506155.454555,0
1659506160.454555,0
1659506165.454555,0
1659506170.454555,2740
1659506175.454555,2740
1659506180.454555,2739.9952443042675
1659506185.454555,2739.9952443042675
1659506190.454555,3918.1866235735324
1659506195.454555,3918.1866235735324
1659506200.454555,3698.0632926861726
1659506205.454555,2204.542022073207
1659506210.454555,1640.9976423350531
1659506215.454555,1640.9976423350531
1659506220.454555,2769.959631247038
1659506225.454555,2769.959631247038
1659506230.454555,2769.959631247038
1659506235.454555,869
1659506240.454555,869
1659506245.454555,869
1659506250.454555,0
1659506255.454555,1448
1659506260.454555,1448
1659506265.454555,1448
1659506270.454555,1448
1659506275.454555,1447.9978265167347
1659506280.454555,1447.9978265167347
1659506285.454555,900
1659506290.454555,900
1659506295.454555,900
1659506300.454555,900
1659506305.454555,0
1659506310.454555,1284
1659506315.454555,1284
1659506320.454555,1284
1659506325.454555,1284
1659506330.454555,1284
1659506335.454555,1283.999979660505
1659506340.454555,1219
1659506345.454555,1219
1659506350.454555,1219
1659506355.454555,1219
1659506360.454555,1218.9940378161434
1659506365.454555,1669
1659506370.454555,1669
1659506375.454555,1669
1659506380.454555,1669.0005752678017
1659506385.454555,1669.0005752678017
1659506390.454555,2073
1659506395.454555,2073
1659506400.454555,2072.9999863310336
1659506405.454555,2072.9999863310336
1659506410.454555,1673
1659506415.454555,1672.996942552122
1659506420.454555,1672.996942552122
1659506425.454555,1672.996942552122
1659506430.454555,2143.9739890441033
1659506435.454555,2143.9739890441033
1659506440.454555,3708.0043979622646
1659506445.454555,5018.406057758833
1659506450.454555,5018.406057758833
1659506455.454555,3705.458098674445
1659506460.454555,3924.2630055304853
1659506465.454555,3924.2630055304853
1659506470.454555,4331.921487471621
1659506475.454555,1107
1659506480.454555,1107
1659506485.454555,1684
1659506490.454555,1684
1659506495.454555,1684
1659506500.454555,1684
1659506505.454555,1684.0303159809355
1659506510.454555,1684.0303159809355
1659506515.454555,2911.0120610475033
1659506520.454555,2911.0120610475033
1659506525.454555,2911.0120610475033
1659506530.454555,2911.0120610475033
1659506535.454555,2314.9996512716307
1659506540.454555,2314.9996512716307
1659506545.454555,2187
1659506550.454555,2186.9999903900125
1659506555.454555,2186.9999903900125
1659506560.454555,2186.9999903900125
1659506565.454555,22822.511131711843
1659506570.454555,22822.511131711843
1659506575.454555,22822.511131711843
1659506580.454555,11141.245667299298
1659506585.454555,11141.245667299298
1659506590.454555,10286.147098055364
1659506595.454555,5832.04391073581
1659506600.454555,5832.04391073581
1659506605.454555,3572.965124331654
1659506610.454555,1864.0102684713836
1659506615.454555,1864.0102684713836
1659506620.454555,2552.001282507578
1659506625.454555,2552.001282507578
1659506630.454555,3284.308195587683
1659506635.454555,4499.69513923475
1659506640.454555,4499.69513923475
1659506645.454555,4499.69513923475
1659506650.454555,4244.148530106643
1659506655.454555,4244.148530106643
1659506660.454555,1468.9910109440405
1659506665.454555,2241
1659506670.454555,2241
1659506675.454555,2241.03358339079
1659506680.454555,4634.591151561094
1659506685.454555,4634.591151561094
1659506690.454555,4768.1050783219225
1659506695.454555,3352.1779643830155
1659506700.454555,3352.1779643830155
1659506705.454555,2130.2151092757776
1659506710.454555,2208.990296764727
1659506715.454555,2208.990296764727
1659506720.454555,2208.990296764727
1659506725.454555,1490.9012910039096
1659506730.454555,6192.56853355905
1659506735.454555,7732.892577228558
1659506740.454555,4331.559477481862
1659506745.454555,4331.559477481862
1659506750.454555,4331.559477481862
1659506755.454555,4031.9281764814014
1659506760.454555,1138
1659506765.454555,1138.0019095320706
1659506770.454555,4535
1659506775.454555,4535.014253135498
1659506780.454555,4535.014253135498
1659506785.454555,3369.2989653821883
1659506790.454555,3369.2989653821883
1659506795.454555,3010.011926686811
1659506800.454555,2615.5791211749743
1659506805.454555,2330.9999968013126
1659506810.454555,2330.9999968013126
1659506815.454555,2423.013532713535
1659506820.454555,5608.907747223348
1659506825.454555,5608.907747223348
1659506830.454555,5286.902683738579
1659506835.454555,5286.902683738579
1659506840.454555,5286.902683738579
1659506845.454555,1610
1659506850.454555,9294.000802419245
1659506855.454555,8719.691546154618
1659506860.454555,5041.409868917385
1659506865.454555,5041.409868917385
1659506870.454555,5041.409868917385
1659506875.454555,5041.409868917385
1659506880.454555,7311.8935503008
1659506885.454555,496
1659506890.454555,0
1659506895.454555,0
1659506900.454555,0
1659506905.454555,0
1659506910.454555,0
1659506915.454555,0
1659506920.454555,1083
1659506925.454555,1083
1659506930.454555,1083
1659506935.454555,1083
1659506940.454555,1083
1659506945.454555,1082.999440007099
1659506950.454555,707
1659506955.454555,707
1659506960.454555,707
1659506965.454555,707
1659506970.454555,707
1659506975.454555,0
1659506980.454555,0
1659506985.454555,0
1659506990.454555,1319
1659506995.454555,1319
1659507000.454555,1319
1659507005.454555,1319
1659507010.454555,1319
1659507015.454555,17985.36535634477
1659507020.454555,15148.032367898459
1659507025.454555,19770.639505997624
1659507030.454555,19770.639505997624
1659507035.454555,14398.626433113035
1659507040.454555,13159.573092569852
1659507045.454555,12409.754750533333
1659507050.454555,20589.982440705862
1659507055.454555,25619.5092505966
1659507060.454555,29127.649768516363
1659507065.454555,29310.778694981407
1659507070.454555,30162.41762863905
1659507075.454555,26471.24410437595
1659507080.454555,20553.218209954157
1659507085.454555,17166.44132934753
1659507090.454555,12474.854563660567
1659507095.454555,13863.39330630121
1659507100.454555,7309.345408290182
1659507105.454555,6755.906510500895
1659507110.454555,10070.566521779612
1659507115.454555,12302.226555899546
1659507120.454555,11410.398828446141
1659507125.454555,11410.398828446141
1659507130.454555,11410.398828446141
1659507135.454555,6993.900028498089
1659507140.454555,2115.973100206422
1659507145.454555,2115.973100206422
1659507150.454555,982
1659507155.454555,982
1659507160.454555,982
1659507165.454555,0
1659507170.454555,1369
1659507175.454555,1369
1659507180.454555,1369
1659507185.454555,1369
1659507190.454555,1368.9992372924044
1659507195.454555,1368.9992372924044
1659507200.454555,1598
1659507205.454555,1598
1659507210.454555,1597.9704682380461
1659507215.454555,1597.9704682380461
1659507220.454555,913
1659507225.454555,913
1659507230.454555,913
1659507235.454555,913
1659507240.454555,0
1659507245.454555,1045
1659507250.454555,1045
1659507255.454555,1045
1659507260.454555,1045
1659507265.454555,1045
1659507270.454555,1045
1659507275.454555,943
1659507280.454555,943
1659507285.454555,943
1659507290.454555,943
1659507295.454555,943
1659507300.454555,943
1659507305.454555,593
1659507310.454555,593
1659507315.454555,593
1659507320.454555,593
1659507325.454555,593
1659507330.454555,593
1659507335.454555,0
1659507340.454555,0
1659507345.454555,0
1659507350.454555,0
1659507355.454555,0
1659507360.454555,1717.0137381709835
1659507365.454555,1717.0137381709835
1659507370.454555,1717.0137381709835
1659507375.454555,1717.0137381709835
1659507380.454555,1717.0137381709835
1659507385.454555,1717.0137381709835
1659507390.454555,0
1659507395.454555,0
1659507400.454555,0
1659507405.454555,4267
1659507410.454555,4267
1659507415.454555,4266.926445964036
1659507420.454555,20018.79740899677
1659507425.454555,18278.819965950188
1659507430.454555,13844.787773153796
1659507435.454555,18124.144268861855
1659507440.454555,14700.789579627179
1659507445.454555,18291.928481423478
1659507450.454555,21733.84441476955
1659507455.454555,19961.045123802483
1659507460.454555,21004.88817123583
1659507465.454555,22628.04330232775
1659507470.454555,26875.62539282075
1659507475.454555,30540.131030557142
1659507480.454555,27656.53377454536
1659507485.454555,31068.64559666391
1659507490.454555,29575.995405648187
1659507495.454555,41686.44203739656
1659507500.454555,26153.23351238508
1659507505.454555,52142.014467701956
1659507510.454555,50175.03041494039
1659507515.454555,59871.091829705125
1659507520.454555,53742.109432759135
1659507525.454555,58233.00325599942
1659507530.454555,55589.09033492503
1659507535.454555,19608.075069185514
1659507540.454555,16653.00206316097
1659507545.454555,15514.198253906658
1659507550.454555,11975.739499665033
1659507555.454555,-3998.2754082893016
1659507560.454555,7105.537085072225
1659507565.454555,5398.484943659546
1659507570.454555,1442.7685397056352
1659507575.454555,1589.8480326480892
1659507580.454555,3022.8927960933106
1659507585.454555,27326.337766608456
1659507590.454555,25831.549664407892
1659507595.454555,32297.855479546593
1659507600.454555,22935.77989541089
1659507605.454555,26483.072674889703
1659507610.454555,31467.38657348038
1659507615.454555,24471.48795914371
1659507620.454555,17672.891062899198
1659507625.454555,19077.375719857562
1659507630.454555,28435.761549822328
1659507635.454555,28265.343390409085
1659507640.454555,15430.884016981114
1659507645.454555,12891.387345171024
1659507650.454555,19721.83949305394
1659507655.454555,91119.0590466906
1659507660.454555,83867.94980150735
1659507665.454555,92456.88605128106
1659507670.454555,106759.65339339901
1659507675.454555,88878.82766069856
1659507680.454555,122008.28285074129
1659507685.454555,56072.44467934152
1659507690.454555,57354.67856448782
1659507695.454555,60518.66498881936
1659507700.454555,58796.733332498465
1659507705.454555,57451.832151794166
1659507710.454555,46968.10011848287
1659507715.454555,46041.578242482356
1659507720.454555,41647.37289507481
1659507725.454555,39814.746361445876
1659507730.454555,35661.06360410718
1659507735.454555,33140.85695505583
1659507740.454555,16328.521716348394
1659507745.454555,22866.016557007522
1659507750.454555,20179.333316996755
1659507755.454555,18012.105791851867
1659507760.454555,28606.823552533184
1659507765.454555,29350.289909736304
1659507770.454555,35458.391757588266
1659507775.454555,38636.97498166027
1659507780.454555,38938.54822007211
1659507785.454555,38938.54822007211
1659507790.454555,33710.68019363684
1659507795.454555,34715.18400059518
1659507800.454555,0
1659507805.454555,0
1659507810.454555,0
1659507815.454555,0
1659507820.454555,0
1659507825.454555,0
1659507830.454555,0
1659507835.454555,0
1659507840.454555,0
1659507845.454555,0
1659507850.454555,0
1659507855.454555,0
1659507860.454555,0
1659507865.454555,0
1659507870.454555,0
1659507875.454555,0
1659507880.454555,0
1659507885.454555,0
1659507890.454555,0
1659507895.454555,0
1659507900.454555,0
1659507905.454555,0
1659507910.454555,0
1659507915.454555,0
1659507920.454555,0
1659507925.454555,0
1659507930.454555,0
1659507935.454555,0
1659507940.454555,0
1659507945.454555,0
1659507950.454555,0
1659507955.454555,0
1659507960.454555,0
1659507965.454555,0
1659507970.454555,0
1659507975.454555,0
1659507980.454555,0
1659507985.454555,0
1659507990.454555,0
1659507995.454555,0
1659508000.454555,0
1659508005.454555,0
1659508010.454555,0
1659508015.454555,0
1659508020.454555,0
1659508025.454555,0
1659508030.454555,0
1659508035.454555,0
1659508040.454555,0
1659508045.454555,0
1659508050.454555,0
1659508055.454555,0
1659508060.454555,0
1659508065.454555,0
1659508070.454555,0
1659508075.454555,0
1659508080.454555,0
1659508085.454555,0
1659508090.454555,0
1659508095.454555,0
1659508100.454555,0
1659508105.454555,0
1659508110.454555,0
1659508115.454555,0
1659508120.454555,0
1659508125.454555,0
1659508130.454555,0
1659508135.454555,0
1659508140.454555,0
1659508145.454555,0
1659508150.454555,0
1659508155.454555,0
1659508160.454555,0
1659508165.454555,0
1659508170.454555,0
1659508175.454555,0
1659508180.454555,0
1659508185.454555,0
1659508190.454555,0
1659508195.454555,0
1659508200.454555,0
1659508205.454555,0
1659508210.454555,0
1659508215.454555,0
1659508220.454555,0
1659508225.454555,0
1659508230.454555,0
1659508235.454555,0
1659508240.454555,0
1659508245.454555,-189341.17140324076
1659508250.454555,-35460.660168073395
1659508255.454555,-35460.660168073395
1659508260.454555,-31814.38319523108
1659508265.454555,-7601.78684821196
1659508270.454555,-1570.9565746813537
1659508275.454555,28578.625049387254
1659508280.454555,27217.875985306502
1659508285.454555,28404.52790445024
1659508290.454555,16628.515188078727
1659508295.454555,26448.646014007634
1659508300.454555,25642.25207470539
1659508305.454555,28748.280658604286
1659508310.454555,31596.1773951762
1659508315.454555,33474.682401358725
1659508320.454555,25470.88766607021
1659508325.454555,28395.975508082345
1659508330.454555,23516.666766653765
1659508335.454555,25356.015963007172
1659508340.454555,23455.40858236614
1659508345.454555,21599.7085337036
1659508350.454555,19540.11616078241
1659508355.454555,14479.800014969462
1659508360.454555,15932.241743309232
1659508365.454555,18187.198027476996
1659508370.454555,19526.42748106072
1659508375.454555,20320.041153351805
1659508380.454555,23362.756266202996
1659508385.454555,23327.240552111332
1659508390.454555,38923.26120614234
1659508395.454555,22651.649015266958
1659508400.454555,27195.31330746758
1659508405.454555,23716.708093685113
1659508410.454555,15728.390840361952
1659508415.454555,28940.429303148027
1659508420.454555,20108.748397940675
1659508425.454555,24793.039413202503
1659508430.454555,53966.14424841196
1659508435.454555,56624.96767209209
1659508440.454555,60506.79649204573
1659508445.454555,58320.65708422586
1659508450.454555,72017.53290202477
1659508455.454555,65563.65400683122
1659508460.454555,35654.56466296375
1659508465.454555,28073.294632002817
1659508470.454555,38910.526494352955
1659508475.454555,32091.444970960063
1659508480.454555,30345.360864783463
1659508485.454555,30453.469394106596
1659508490.454555,28533.393887352973
1659508495.454555,27676.90576113986
1659508500.454555,28324.815890788643
1659508505.454555,22391.18257228538
1659508510.454555,25035.730293885248
1659508515.454555,30997.230391464982
1659508520.454555,32310.495337630447
1659508525.454555,33295.47283191187
1659508530.454555,31005.547622485738
1659508535.454555,30981.965534179857
1659508540.454555,32692.124946214313
1659508545.454555,29265.315399233248
1659508550.454555,34401.9037786707
1659508555.454555,28127.378057254355
1659508560.454555,30473.633258671318
1659508565.454555,29206.93816442743
1659508570.454555,31914.309146921398
1659508575.454555,25508.45711596187
1659508580.454555,28150.978896118726
1659508585.454555,30471.91770021115
1659508590.454555,28426.71022660077
1659508595.454555,28426.71022660077
1659508600.454555,26363.72975102756
1659508605.454555,24731.742767665462
1659508610.454555,22981.44598942579
1659508615.454555,22971.745813045796
1659508620.454555,25616.459938835433
1659508625.454555,23059.905865867717
1659508630.454555,30392.838727047245
1659508635.454555,30392.838727047245
1659508640.454555,33548.096568170804
1659508645.454555,40687.00148394173
1659508650.454555,41423.25354123256
1659508655.454555,45714.753237368815
1659508660.454555,50945.40567663388
1659508665.454555,41137.20456156518
1659508670.454555,29021.462310198385
1659508675.454555,31471.239749742173
1659508680.454555,35653.42507773796
1659508685.454555,34090.0651149917
1659508690.454555,38360.90546563054
1659508695.454555,46282.43792390653
1659508700.454555,48257.63257696414
1659508705.454555,33787.843950066235
1659508710.454555,33504.77045636694
1659508715.454555,20289.163920233448
1659508720.454555,14985.603011410642
1659508725.454555,10880.271367543137
1659508730.454555,12073.645436414037
1659508735.454555,14988.664984332108
1659508740.454555,14988.664984332108
1659508745.454555,29885.557420349745
1659508750.454555,31075.842019588345
1659508755.454555,28946.166419520207
1659508760.454555,28690.909353738414
1659508765.454555,19816.044014053157
1659508770.454555,35410.01684507426
1659508775.454555,34999.3447707289
1659508780.454555,30900.40809286345
1659508785.454555,28095.01857492838
1659508790.454555,27758.104207033663
1659508795.454555,26716.803380764875
1659508800.454555,26897.711336079257
1659508805.454555,10254.434876975394
1659508810.454555,11552.236414215418
1659508815.454555,13328.212000539119
1659508820.454555,13074.182105734219
1659508825.454555,15362.130256217388
1659508830.454555,22702.733152223896
1659508835.454555,27735.052941613932
1659508840.454555,36633.339972810674
1659508845.454555,33751.83519160798
1659508850.454555,35110.96268702472
1659508855.454555,24829.584689558265
1659508860.454555,29521.832333204773
1659508865.454555,14250.43115936766
1659508870.454555,29739.903648347907
1659508875.454555,4062.479752127732
1659508880.454555,8330.436248748376
1659508885.454555,3692.582542951159
1659508890.454555,-5893.549990182308
1659508895.454555,1135.1469986968732
1659508900.454555,6916.108309549142
1659508905.454555,21400.523391142407
1659508910.454555,20544.217295443348
1659508915.454555,17365.841610683958
1659508920.454555,24440.443678914173
1659508925.454555,21551.01164436037
1659508930.454555,22200.01844236029
1659508935.454555,29479.21054102676
1659508940.454555,38175.03109016687
1659508945.454555,33644.56450721681
1659508950.454555,35970.19344016387
1659508955.454555,31715.4796331033
1659508960.454555,30942.213327166028
1659508965.454555,17880.267424503567
1659508970.454555,37111.11784444217
1659508975.454555,19777.450438602384
1659508980.454555,29316.18229904429
1659508985.454555,28829.266715996117
1659508990.454555,31661.11191688285
1659508995.454555,41120.6132960267
1659509000.454555,40443.622123313944
1659509005.454555,40325.63825377257
1659509010.454555,40734.56168764337
1659509015.454555,44276.90322982926
1659509020.454555,37427.037775270015
1659509025.454555,20625.445611966377
1659509030.454555,35148.01020966933
1659509035.454555,21389.196140768232
1659509040.454555,22774.79881307787
1659509045.454555,33779.712222852315
1659509050.454555,31253.132515844663
1659509055.454555,34242.319623605494
1659509060.454555,33613.48218313159
1659509065.454555,28911.569676045532
1659509070.454555,28911.569676045532
1659509075.454555,30728.667509147563
1659509080.454555,0
1659509085.454555,0
1659509090.454555,0
1659509095.454555,0
1659509100.454555,0
1659509105.454555,0
1659509110.454555,0
1659509115.454555,0
1659509120.454555,0
1659509125.454555,0
1659509130.454555,0
1659509135.454555,0
1659509140.454555,0
1659509145.454555,0
1659509150.454555,0
1659509155.454555,0
1659509160.454555,0
1659509165.454555,0
1659509170.454555,0
1659509175.454555,0
1659509180.454555,0
1659509185.454555,0
1659509190.454555,0
1659509195.454555,0
1659509200.454555,0
1659509205.454555,0
1659509210.454555,0
1659509215.454555,45818
1659509220.454555,41744.20765861007
1659509225.454555,47886.43982993529
1659509230.454555,47886.43982993529
1659509235.454555,47886.43982993529
1659509240.454555,47886.43982993529
1659509245.454555,35247.64654455975
1659509250.454555,42285.43394361301
1659509255.454555,32064.937226722453
1659509260.454555,31481.611901110155
1659509265.454555,31481.611901110155
1659509270.454555,29112.321080632344
1659509275.454555,37708.84518037952
1659509280.454555,28583.969878732823
1659509285.454555,41171.47517842772
1659509290.454555,34368.34195459832
1659509295.454555,33649.19627299517
1659509300.454555,35716.03585298753
1659509305.454555,34843.4727940878
1659509310.454555,36216.387109116746
1659509315.454555,25274.9836864651
1659509320.454555,42201.943815545834
1659509325.454555,35654.02856497809
1659509330.454555,28024.81358479257
1659509335.454555,28408.457321748076
1659509340.454555,24273.09898812941
1659509345.454555,11396.421006155497
1659509350.454555,21459.71274054844
1659509355.454555,18523.37792829438
1659509360.454555,23104.60114540154
1659509365.454555,17639.6770279993
1659509370.454555,19943.197071973354
1659509375.454555,25217.621165500248
1659509380.454555,24381.310879585453
1659509385.454555,24061.868097174443
1659509390.454555,29600.706684872974
1659509395.454555,26554.808261004568
1659509400.454555,26068.980743828968
1659509405.454555,25904.2951547082
1659509410.454555,27132.95087448088
1659509415.454555,26658.678125605482
1659509420.454555,17880.832998351343
1659509425.454555,20122.24630939804
1659509430.454555,22571.004587448962
1659509435.454555,24792.22588903709
1659509440.454555,25784.36160634447
1659509445.454555,23860.857454826233
1659509450.454555,25316.003516482593
1659509455.454555,30303.216413459188
1659509460.454555,29736.340513806153
1659509465.454555,32041.120329123707
1659509470.454555,31341.84085403679
1659509475.454555,33150.113669879844
1659509480.454555,26801.15762947175
1659509485.454555,25561.347898003605
1659509490.454555,25561.347898003605
1659509495.454555,23809.763261397253
1659509500.454555,56291.63556664739
1659509505.454555,67137.2813473817
1659509510.454555,61742.578091120464
1659509515.454555,77626.41235018412
1659509520.454555,66688.7763137225
1659509525.454555,52079.588487051464
1659509530.454555,15848.139286481506
1659509535.454555,15973.872249257682
1659509540.454555,13355.059636817226
1659509545.454555,20699.023586019775
1659509550.454555,19713.102047076198
1659509555.454555,18529.42266740141
1659509560.454555,15877.153132747859
1659509565.454555,10091.248830845947
1659509570.454555,18065.580774479335
1659509575.454555,19426.716973491264
1659509580.454555,19998.532587889942
1659509585.454555,16758.898460830682
1659509590.454555,25056.023220600866
1659509595.454555,25056.023220600866
1659509600.454555,31543.79846795989
1659509605.454555,31489.809001997764
1659509610.454555,31267.7969750541
1659509615.454555,40397.3736950918
1659509620.454555,42062.37019868602
1659509625.454555,42062.37019868602
1659509630.454555,34428.659626170425
1659509635.454555,33723.22789674613
1659509640.454555,32119.865675978377
1659509645.454555,12831.114732115151
1659509650.454555,7135.992574393609
1659509655.454555,8261.468114611775
1659509660.454555,8598.03385021169
1659509665.454555,7207.972704086516
1659509670.454555,11240.98096614562
1659509675.454555,14119.4057834447
1659509680.454555,17968.878635623238
1659509685.454555,25013.54623083702
1659509690.454555,20398.702074881727
1659509695.454555,32159.788532659066
1659509700.454555,36086.77677680196
1659509705.454555,31189.51516535211
1659509710.454555,34912.07363871054
1659509715.454555,30498.953575513777
1659509720.454555,30895.72646586272
1659509725.454555,42315.22645908041
1659509730.454555,29516.359773139782
1659509735.454555,26577.001713278445
1659509740.454555,26793.864979567144
1659509745.454555,39363.60583444524
1659509750.454555,39039.22334864492
1659509755.454555,37055.33938939315
1659509760.454555,35818.64295586571
1659509765.454555,35990.816025324384
1659509770.454555,36259.317943414106
1659509775.454555,37747.31540546331
1659509780.454555,34447.00014113406
1659509785.454555,43976.71633348429
1659509790.454555,39121.85449721533
1659509795.454555,40094.00139677621
1659509800.454555,42401.171187771106
1659509805.454555,11622.090511623393
1659509810.454555,25874.191958377924
1659509815.454555,95193.44578686311
1659509820.454555,95109.06221140052
1659509825.454555,94742.74569513382
1659509830.454555,86745.42553543407
1659509835.454555,85619.19974181704
1659509840.454555,88504.4902936283
1659509845.454555,22959.361342991768
1659509850.454555,22492.75614949548
1659509855.454555,17804.822803420328
1659509860.454555,19974.623178524085
1659509865.454555,38797.24816086583
1659509870.454555,26203.525597513555
1659509875.454555,38627.61017836399
1659509880.454555,33617.39164866048
1659509885.454555,27319.85224633317
1659509890.454555,27055.13498234404
1659509895.454555,32188.241324483257
1659509900.454555,27527.86002300316
1659509905.454555,26860.194730940555
1659509910.454555,18833.346190626275
1659509915.454555,27361.360253826286
1659509920.454555,40865.45029830951
1659509925.454555,37123.29135722651
1659509930.454555,37123.29135722651
1659509935.454555,28110.288568342
1659509940.454555,21038.127310944492
1659509945.454555,19203.372423298664
1659509950.454555,21224.906628648707
1659509955.454555,433589.16897039476
1659509960.454555,433589.16897039476
1659509965.454555,286899.402429145
1659509970.454555,231090.8798457773
1659509975.454555,227645.16924894325
1659509980.454555,239496.97721470505
1659509985.454555,25328.117053706723
1659509990.454555,28331.939357161093
1659509995.454555,26511.622925236567
1659510000.454555,28130.574275110142
1659510005.454555,27879.102372192367
1659510010.454555,34080.68685801945
1659510015.454555,31358.819161468753
1659510020.454555,37239.255156387575
1659510025.454555,33210.726253529305
1659510030.454555,35883.14703396232
1659510035.454555,32691.894603428897
1659510040.454555,16857.578435409298
1659510045.454555,17484.508239487208
1659510050.454555,22843.8751413484
1659510055.454555,30018.55166524129
1659510060.454555,18564.331794638416
1659510065.454555,31308.132446941374
1659510070.454555,36041.25120923525
1659510075.454555,35148.55014243498
1659510080.454555,28881.82435529904
1659510085.454555,22459.585314799166
1659510090.454555,22361.28553350023
1659510095.454555,10450.426410637992
1659510100.454555,12863.256760772341
1659510105.454555,36748.36132718639
1659510110.454555,30101.145565642808
1659510115.454555,39770.764260832766
1659510120.454555,43098.441470379694
1659510125.454555,44116.60589929691
1659510130.454555,42596.903360133954
1659510135.454555,37346.80984141427
1659510140.454555,36663.34010361761
1659510145.454555,24261.64458969864
1659510150.454555,17813.510387214435
1659510155.454555,20031.42769741565
1659510160.454555,20674.488380948984
1659510165.454555,18248.854452834123
1659510170.454555,22510.137137968293
1659510175.454555,27906.857346096593
1659510180.454555,32321.66807369399
1659510185.454555,31748.610121229525
1659510190.454555,31294.45264315038
1659510195.454555,39880.35128218737
1659510200.454555,34798.82574746329
1659510205.454555,29643.891770548875
1659510210.454555,24430.76500578977
1659510215.454555,26138.004483951547
1659510220.454555,37202.89186276292
1659510225.454555,47359.72110701771
1659510230.454555,54458.806277224496
1659510235.454555,21594.77286745129
1659510240.454555,23535.83961905107
1659510245.454555,24114.017291418557
1659510250.454555,12445.713090519903
1659510255.454555,17556.568486104952
1659510260.454555,20857.70797039978
1659510265.454555,37052.607280968405
1659510270.454555,38723.746379458586
1659510275.454555,31150.037228465408
1659510280.454555,31399.161693220598
1659510285.454555,29296.062261265848
1659510290.454555,32642.815050825964
1659510295.454555,26994.999040153085
1659510300.454555,20269.030579920767
1659510305.454555,24596.598489660304
1659510310.454555,27100.61823401541
1659510315.454555,35517.91691502343
1659510320.454555,24897.39024415113
1659510325.454555,27804.084720780407
1659510330.454555,26594.965592279776
1659510335.454555,32697.16670826334
1659510340.454555,51773.51841917607
1659510345.454555,51701.267553256715
1659510350.454555,51889.0847138953
1659510355.454555,46986.31610905446
1659510360.454555,50022.68801292384
1659510365.454555,32008.726516371247
1659510370.454555,8004.503367603119
1659510375.454555,9578.958222876772
1659510380.454555,13862.47226696979
1659510385.454555,14267.991533317188
1659510390.454555,7886.890972436846
1659510395.454555,-25726.873249497665
1659510400.454555,-13374.726470940508
1659510405.454555,-15388.16380841547
1659510410.454555,-22042.941890138947
1659510415.454555,-24541.202302770736
1659510420.454555,-24541.202302770736
1659510425.454555,21827.07839910042
1659510430.454555,25939.368490299275
1659510435.454555,25537.669321943198
1659510440.454555,38163.76164472276
1659510445.454555,34042.5162942194
1659510450.454555,40217.0127814014
1659510455.454555,25073.91966646233
1659510460.454555,19488.217674300708
1659510465.454555,18648.472501362867
1659510470.454555,18094.67293702157
1659510475.454555,20864.055741080785
1659510480.454555,18266.90102036623
1659510485.454555,38870.19133298029
1659510490.454555,45420.83599633421
1659510495.454555,44105.73700452538
1659510500.454555,40011.1152804703
1659510505.454555,47676.906124761765
1659510510.454555,33643.69779691592
1659510515.454555,30274.32296473887
1659510520.454555,22131.49660735688
1659510525.454555,23946.580535228884
1659510530.454555,19807.682984569758
1659510535.454555,19301.10717406847
1659510540.454555,16540.878516334502
1659510545.454555,19290.255281184523
1659510550.454555,18633.111673841442
1659510555.454555,-10023.8522576635
1659510560.454555,20648.21057331309
1659510565.454555,19482.723621242367
1659510570.454555,18689.82233638266
1659510575.454555,15457.714622954554
1659510580.454555,15888.692709294804
1659510585.454555,10733.518756354846
1659510590.454555,12628.119568651713
1659510595.454555,21082.758117164445
1659510600.454555,15979.115793996534
1659510605.454555,22519.075042293785
1659510610.454555,21392.285478682847
1659510615.454555,21860.45903804086
1659510620.454555,20421.17562444466
1659510625.454555,24408.387059650246
1659510630.454555,21675.853911774182
1659510635.454555,14837.893081115177
1659510640.454555,13539.754876293176
1659510645.454555,18527.75805616364
1659510650.454555,21920.61553488171
1659510655.454555,25228.45759182925
1659510660.454555,25228.45759182925
1659510665.454555,21691.840968138924
1659510670.454555,29741.113474209236
1659510675.454555,23238.628463528665
1659510680.454555,19576.620474570187
1659510685.454555,15090.814880500076
1659510690.454555,15090.814880500076
1659510695.454555,14694.376164892838
1659510700.454555,12519.395491223686
1659510705.454555,12159.505186058248
1659510710.454555,14581.506779135369
1659510715.454555,11948.616442418657
1659510720.454555,12341.164418343136
1659510725.454555,10823.756608215386
1659510730.454555,17474.014751379866
1659510735.454555,31117.847857048095
1659510740.454555,20851.11112237666
1659510745.454555,34295.870859524395
1659510750.454555,33896.091614171695
1659510755.454555,35887.64472631691
1659510760.454555,38344.21812127127
1659510765.454555,36222.900985729524
1659510770.454555,42448.98736743104
1659510775.454555,40987.928898845574
1659510780.454555,41281.5494647346
1659510785.454555,37564.901567314846
1659510790.454555,40603.91975551207
1659510795.454555,50040.18425614692
1659510800.454555,49301.46718957289
1659510805.454555,63085.17733283377
1659510810.454555,61585.87759199017
1659510815.454555,62998.0009127203
1659510820.454555,64234.9743416226
1659510825.454555,71590.29919873552
1659510830.454555,60386.777018785186
1659510835.454555,23522.366983373762
1659510840.454555,27653.433881650406
1659510845.454555,28429.007416060987
1659510850.454555,30200.946613277694
1659510855.454555,30144.11541704707
1659510860.454555,36392.30741458901
1659510865.454555,34452.96724952594
1659510870.454555,47625.60013481383
1659510875.454555,36904.48324084549
1659510880.454555,47570.65141269285
1659510885.454555,38539.75073945521
1659510890.454555,32116.018942831244
1659510895.454555,39088.31880996922
1659510900.454555,35504.893871281434
1659510905.454555,51193.79204919056
1659510910.454555,54722.6704133739
1659510915.454555,49483.373287334434
1659510920.454555,52291.03944733063
1659510925.454555,41603.59246401142
1659510930.454555,42330.635988495735
1659510935.454555,30976.91799196949
1659510940.454555,30976.91799196949
1659510945.454555,33909.18673522514
1659510950.454555,35633.254409287336
1659510955.454555,27437.86690030465
1659510960.454555,37069.83415360587
1659510965.454555,31050.82476255494
1659510970.454555,39452.08607169757
1659510975.454555,35996.01884405398
1659510980.454555,49705.03902334587
1659510985.454555,47446.12176520076
1659510990.454555,36313.218660967206
1659510995.454555,33832.264369346405
1659511000.454555,33197.30890509989
1659511005.454555,27757.788081658782
1659511010.454555,27029.35400737244
1659511015.454555,28779.826213575667
1659511020.454555,28592.424834090027
1659511025.454555,35194.234221130144
1659511030.454555,38552.7537503381
1659511035.454555,44296.48815697439
1659511040.454555,41953.04610045013
1659511045.454555,46358.690631492434
1659511050.454555,43030.44424596063
1659511055.454555,29861.18137554214
1659511060.454555,29861.18137554214
1659511065.454555,5372.743460334505
1659511070.454555,9887.665766524162
1659511075.454555,11871.878174886193
1659511080.454555,16065.138175756116
1659511085.454555,11886.052940834246
1659511090.454555,13212.311554735285
1659511095.454555,42370.41893309206
1659511100.454555,36025.6565275158
1659511105.454555,38619.174754236876
1659511110.454555,37012.46825464931
1659511115.454555,35574.22960873883
1659511120.454555,52626.80165045174
1659511125.454555,34519.79928986392
1659511130.454555,35735.70587272711
1659511135.454555,35102.652103179884
1659511140.454555,35560.204493131605
1659511145.454555,40155.42202857614
1659511150.454555,32630.18532830424
1659511155.454555,34042.67505654419
1659511160.454555,42564.650555668035
1659511165.454555,36912.537011102075
1659511170.454555,45994.644013720725
1659511175.454555,36118.32999465911
1659511180.454555,38851.37921634615
1659511185.454555,33497.18648729817
1659511190.454555,18877.58965236666
1659511195.454555,19591.36719641325
1659511200.454555,9812.947408051255
1659511205.454555,15517.949081141667
1659511210.454555,9816.097709444783
1659511215.454555,-6278.90557826234
1659511220.454555,-6522.168006399824
1659511225.454555,-5795.015575670606
1659511230.454555,9324.773639973228
1659511235.454555,7254.02942074271
1659511240.454555,9512.543461235937
1659511245.454555,9789.598593316488
1659511250.454555,11630.817298442107
1659511255.454555,4957.3274335776905
1659511260.454555,4900.2946030085905
1659511265.454555,2807.6166457799623
1659511270.454555,3876.631939909189
1659511275.454555,3876.631939909189
1659511280.454555,5483.972813529875
1659511285.454555,6227.523176556537
1659511290.454555,6227.523176556537
1659511295.454555,24967.93075082766
1659511300.454555,101126.36404255325
1659511305.454555,91850.51865741581
1659511310.454555,83884.84193234293
1659511315.454555,71837.8950945092
1659511320.454555,68012.88520402787
1659511325.454555,65190.716172908025
1659511330.454555,32809.50798979318
1659511335.454555,29341.574557588738
1659511340.454555,32202.489097205507
1659511345.454555,30205.709064461338
1659511350.454555,21214.81557638422
1659511355.454555,18030.524140480484
1659511360.454555,23970.996330927985
1659511365.454555,24404.898011742374
1659511370.454555,28725.988282986284
1659511375.454555,28233.194022530653
1659511380.454555,31969.907576736103
1659511385.454555,31969.907576736103
1659511390.454555,28190.85805344577
1659511395.454555,31409.56611046684
1659511400.454555,29282.98387311935
1659511405.454555,28192.820638821835
1659511410.454555,23571.940856959514
1659511415.454555,24475.053740901443
1659511420.454555,41462.00199262134
1659511425.454555,42913.000288821764
1659511430.454555,37230.68304808014
1659511435.454555,36621.84065446415
1659511440.454555,38454.98812850216
1659511445.454555,39790.70919610464
1659511450.454555,27367.21113675115
1659511455.454555,27951.690124736182
1659511460.454555,32614.25047474471
1659511465.454555,31327.374165455276
1659511470.454555,30236.756200739597
1659511475.454555,27639.595036867253
1659511480.454555,30191.423016029978
1659511485.454555,22256.430763041953
1659511490.454555,27655.00618507762
1659511495.454555,24091.188116791327
1659511500.454555,19203.0540216447
1659511505.454555,25492.390152749467
1659511510.454555,26443.76433668618
1659511515.454555,28336.44829345081
1659511520.454555,16235.044893122209
1659511525.454555,23272.09336747972
1659511530.454555,19439.70834431184
1659511535.454555,15020.730029802517
1659511540.454555,15194.236868051285
1659511545.454555,29964.064397311846
1659511550.454555,14489.300838009134
1659511555.454555,13198.919312214306
1659511560.454555,22005.712920691927
1659511565.454555,22841.76022196307
1659511570.454555,20555.593346128833
1659511575.454555,24388.387429179955
1659511580.454555,26363.78469487846
1659511585.454555,19872.16069897834
1659511590.454555,18648.423817715215
1659511595.454555,21925.947485122404
1659511600.454555,33324.80810764374
1659511605.454555,37832.845892566795
1659511610.454555,42727.604254911326
1659511615.454555,46378.76655753725
1659511620.454555,34097.30295787116
1659511625.454555,28359.309495928854
1659511630.454555,26731.843680865935
1659511635.454555,20951.702879809727
1659511640.454555,17698.808429801626
1659511645.454555,34386.855418601095
1659511650.454555,14125.666792000466
1659511655.454555,14684.440392140885
1659511660.454555,33065.27342796402
1659511665.454555,26832.434920967087
1659511670.454555,34542.82808441162
1659511675.454555,35194.60046011423
1659511680.454555,20324.72434404459
1659511685.454555,33096.776085125035
1659511690.454555,29647.854509908822
1659511695.454555,27538.481918397705
1659511700.454555,19495.05864405722
1659511705.454555,17110.02363853348
1659511710.454555,16949.084865351917
1659511715.454555,15837.858684213697
1659511720.454555,14036.549054515572
1659511725.454555,8735.597399583085
1659511730.454555,10012.697173041277
1659511735.454555,15656.910289672313
1659511740.454555,15113.051344621934
1659511745.454555,19732.807835162334
1659511750.454555,22231.45016838388
1659511755.454555,28738.729112080357
1659511760.454555,26897.580408673537
1659511765.454555,33892.776426442964
1659511770.454555,36045.695970255045
1659511775.454555,28470.87840809498
1659511780.454555,30162.220238119902
1659511785.454555,32790.25250587019
1659511790.454555,31302.640148793675
1659511795.454555,27990.3612869613
1659511800.454555,19287.154263936718
1659511805.454555,31979.080521424374
1659511810.454555,16548.547999624465
1659511815.454555,11632.66476636238
1659511820.454555,12804.660900090028
1659511825.454555,22476.3411517799
1659511830.454555,26033.209217875272
1659511835.454555,27762.922680587762
1659511840.454555,25556.2101275677
1659511845.454555,29200.9546129893
1659511850.454555,32152.436826353052
1659511855.454555,26879.56916389637
1659511860.454555,20292.872475894124
1659511865.454555,31719.885182952195
1659511870.454555,26092.279404796493
1659511875.454555,23028.94036270258
1659511880.454555,23206.10120528733
1659511885.454555,26388.587140969295
1659511890.454555,27040.96845907478
1659511895.454555,22772.03916750154
1659511900.454555,15622.355664225735
1659511905.454555,15622.355664225735
1659511910.454555,11742.485508084965
1659511915.454555,18498.94154758538
1659511920.454555,19322.295358263465
1659511925.454555,23154.607754279412
1659511930.454555,42243.16599770585
1659511935.454555,42243.16599770585
1659511940.454555,31938.022791350173
1659511945.454555,31552.227684723868
1659511950.454555,21278.969842022696
1659511955.454555,20821.56578755773
1659511960.454555,15642.420704950197
1659511965.454555,15642.420704950197
1659511970.454555,16455.628223101798
1659511975.454555,13728.162834966597
1659511980.454555,13786.52039286467
1659511985.454555,31299.9815574603
1659511990.454555,70862.46466701364
1659511995.454555,70862.46466701364
1659512000.454555,69367.42589359843
1659512005.454555,83592.68331159494
1659512010.454555,74340.2320328141
1659512015.454555,65132.31731305922
1659512020.454555,69835.64073753436
1659512025.454555,64379.36265349124
1659512030.454555,60369.739237191134
1659512035.454555,55995.46676712912
1659512040.454555,53478.454377321934
1659512045.454555,39542.943215517946
1659512050.454555,36017.31995850528
1659512055.454555,28398.913361825536
1659512060.454555,23416.35916843998
1659512065.454555,15357.607608730303
1659512070.454555,34499.446475847486
1659512075.454555,39604.59093289698
1659512080.454555,29963.861692089533
1659512085.454555,37992.50378827211
1659512090.454555,45643.82783424276
1659512095.454555,33684.624292553024
1659512100.454555,47338.560002895145
1659512105.454555,53619.82420510664
1659512110.454555,50498.628329941996
1659512115.454555,62856.15203438746
1659512120.454555,51321.31539790373
1659512125.454555,50138.6185783046
1659512130.454555,34375.05559701272
1659512135.454555,24202.056734798847
1659512140.454555,28635.29944199983
1659512145.454555,33137.659067482666
1659512150.454555,40573.62643170139
1659512155.454555,40573.62643170139
1659512160.454555,38683.50617687726
1659512165.454555,41092.59731577253
1659512170.454555,41937.144344130415
1659512175.454555,43165.443483097515
1659512180.454555,166270.83218955097
1659512185.454555,135615.3362571116
1659512190.454555,133265.77484218703
1659512195.454555,141922.7637429957
1659512200.454555,178839.49749173253
1659512205.454555,178839.49749173253
1659512210.454555,31005.715420225635
1659512215.454555,25950.784801907932
1659512220.454555,27788.112212312844
1659512225.454555,0
1659512230.454555,0
1659512235.454555,0
1659512240.454555,0
1659512245.454555,0
1659512250.454555,0
1659512255.454555,0
1659512260.454555,0
1659512265.454555,0
1659512270.454555,0
1659512275.454555,0
1659512280.454555,0
1659512285.454555,0
1659512290.454555,0
1659512295.454555,0
1659512300.454555,0
1659512305.454555,0
1659512310.454555,0
1659512315.454555,0
1659512320.454555,0
1659512325.454555,0
1659512330.454555,0
1659512335.454555,0
1659512340.454555,0
1659512345.454555,0
1659512350.454555,0
1659512355.454555,0
1659512360.454555,0
1659512365.454555,0
1659512370.454555,0
1659512375.454555,0
1659512380.454555,0
1659512385.454555,0
1659512390.454555,0
1659512395.454555,0
1659512400.454555,0
1659512405.454555,0
1659512410.454555,0
1659512415.454555,0
1659512420.454555,0
1659512425.454555,0
1659512430.454555,0
1659512435.454555,0
1659512440.454555,0
1659512445.454555,0
1659512450.454555,0
1659512455.454555,0
1659512460.454555,0
1659512465.454555,0
1659512470.454555,0
1659512475.454555,0
1659512480.454555,0
1659512485.454555,0
1659512490.454555,0
1659512495.454555,0
1659512500.454555,0
1659512505.454555,0
1659512510.454555,0
1659512515.454555,0
1659512520.454555,0
1659512525.454555,0
1659512530.454555,0
1659512535.454555,0
1659512540.454555,0
1659512545.454555,0
1659512550.454555,0
1659512555.454555,0
1659512560.454555,0
1659512565.454555,0
1659512570.454555,0
1659512575.454555,0
1659512580.454555,0
1659512585.454555,0
1659512590.454555,0
1659512595.454555,0
1659512600.454555,0
1659512605.454555,0
1659512610.454555,0
1659512615.454555,0
1659512620.454555,0
1659512625.454555,0
1659512630.454555,0
1659512635.454555,0
1659512640.454555,0
1659512645.454555,0
1659512650.454555,0
1659512655.454555,0
1659512660.454555,0
1659512665.454555,0
1659512670.454555,0
1659512675.454555,0
1659512680.454555,0
1659512685.454555,0
1659512690.454555,0
1659512695.454555,0
1659512700.454555,0
1659512705.454555,0
1659512710.454555,0
1659512715.454555,0
1659512720.454555,0
1659512725.454555,0
1659512730.454555,0
1659512735.454555,0
1659512740.454555,0
1659512745.454555,0
1659512750.454555,0
1659512755.454555,0
1659512760.454555,0
1659512765.454555,0
1659512770.454555,0
1659512775.454555,0
1659512780.454555,0
1659512785.454555,0
1659512790.454555,0
1659512795.454555,0
1659512800.454555,0
1659512805.454555,0
1659512810.454555,0
1659512815.454555,0
1659512820.454555,0
1659512825.454555,0
1659512830.454555,0
1659512835.454555,0
1659512840.454555,0
1659512845.454555,0
1659512850.454555,0
1659512855.454555,0
1659512860.454555,0
1659512865.454555,0
1659512870.454555,0
1659512875.454555,0
1659512880.454555,0
1659512885.454555,0
1659512890.454555,0
1659512895.454555,0
1659512900.454555,0
1659512905.454555,0
1659512910.454555,0
1659512915.454555,0
1659512920.454555,0
1659512925.454555,0
1659512930.454555,0
1659512935.454555,0
1659512940.454555,0
1659512945.454555,0
1659512950.454555,0
1659512955.454555,0
1659512960.454555,0
1659512965.454555,0
1659512970.454555,0
1659512975.454555,0
1659512980.454555,0
1659512985.454555,0
1659512990.454555,0
1659512995.454555,0
1659513000.454555,0
1659513005.454555,0
1659513010.454555,0
1659513015.454555,0
1659513020.454555,0
1659513025.454555,0
1659513030.454555,0
1659513035.454555,0
1659513040.454555,0
1659513045.454555,0
1659513050.454555,0
1659513055.454555,0
1659513060.454555,0
1659513065.454555,0
1659513070.454555,0
1659513075.454555,0
1659513080.454555,0
1659513085.454555,0
1659513090.454555,0
1659513095.454555,0
1659513100.454555,0
1659513105.454555,0
1659513110.454555,0
1659513115.454555,0
1659513120.454555,0
1659513125.454555,0
1659513130.454555,0
1659513135.454555,0
1659513140.454555,0
1659513145.454555,0
1659513150.454555,0
1659513155.454555,0
1659513160.454555,0
1659513165.454555,0
1659513170.454555,0
1659513175.454555,0
1659513180.454555,0
1659513185.454555,0
1659513190.454555,0
1659513195.454555,0
1659513200.454555,0
1659513205.454555,0
1659513210.454555,0
1659513215.454555,0
1659513220.454555,0
1659513225.454555,0
1659513230.454555,0
1659513235.454555,0
1659513240.454555,0
1659513245.454555,0
1659513250.454555,0
1659513255.454555,0
1659513260.454555,0
1659513265.454555,0
1659513270.454555,0
1659513275.454555,0
1659513280.454555,0
1659513285.454555,0
1659513290.454555,0
1659513295.454555,0
1659513300.454555,0
1659513305.454555,0
1659513310.454555,0
1659513315.454555,0
1659513320.454555,0
1659513325.454555,0
1659513330.454555,0
1659513335.454555,0
1659513340.454555,0
1659513345.454555,0
1659513350.454555,0
1659513355.454555,0
1659513360.454555,0
1659513365.454555,6834
1659513370.454555,6834.014917601649
1659513375.454555,7990.654118360937
1659513380.454555,4991.304705909322
1659513385.454555,5859.712420709448
1659513390.454555,5997.467471365967
1659513395.454555,5986.318780721906
1659513400.454555,4348.446531482411
1659513405.454555,4405.915282171509
1659513410.454555,3911.493380217412
1659513415.454555,3428.868240587763
1659513420.454555,3736.6668196860146
1659513425.454555,1319.6767091994043
1659513430.454555,10452.406928152475
1659513435.454555,27260.831845986577
1659513440.454555,47959.062723173505
1659513445.454555,53317.08604112496
1659513450.454555,53317.08604112496
1659513455.454555,51986.47833744551
1659513460.454555,55896.049084589235
1659513465.454555,60795.39494902291
1659513470.454555,34459.456384711404
1659513475.454555,34328.58380968731
1659513480.454555,29936.54099873505
1659513485.454555,30464.823500212584
1659513490.454555,28150.091255722524
1659513495.454555,24640.094171028013
1659513500.454555,2575.0737167439
1659513505.454555,122917.19874236768
1659513510.454555,119974.30233525232
1659513515.454555,140426.3420972865
1659513520.454555,147976.56734083462
1659513525.454555,169826.3106916378
1659513530.454555,121607.24835244882
1659513535.454555,18535.78793173526
1659513540.454555,15207.619182936642
1659513545.454555,25317.836943861334
1659513550.454555,20895.59399499827
1659513555.454555,8032.574472000679
1659513560.454555,18663.06852967322
1659513565.454555,17324.923194472314
1659513570.454555,19987.493342475238
1659513575.454555,24092.538300271583
1659513580.454555,24131.375637700647
1659513585.454555,27245.48371876907
1659513590.454555,23563.067104964666
1659513595.454555,31753.80764630734
1659513600.454555,35590.43877214577
1659513605.454555,38056.37761712562
1659513610.454555,33359.28736307457
1659513615.454555,31434.647463171023
1659513620.454555,32158.483376440356
1659513625.454555,14508.668268418314
1659513630.454555,16971.970937633552
1659513635.454555,20983.912508334724
1659513640.454555,29249.554803784456
1659513645.454555,47586.01578112458
1659513650.454555,42787.31557210861
1659513655.454555,44150.85128610007
1659513660.454555,46502.821806294276
1659513665.454555,47201.88557087558
1659513670.454555,36047.220441104255
1659513675.454555,-43483.44102136392
1659513680.454555,-83438.95698510886
1659513685.454555,-83669.68964329179
1659513690.454555,-76406.61249804057
1659513695.454555,-83849.24725265331
1659513700.454555,-237689.242073823
1659513705.454555,4867.895950912829
1659513710.454555,4867.895950912829
1659513715.454555,26482.691216447525
1659513720.454555,22133.255466650146
1659513725.454555,22133.255466650146
1659513730.454555,26314.20353090208
1659513735.454555,23053.332552834414
1659513740.454555,15828.821612306549
1659513745.454555,14404.286971307916
1659513750.454555,14404.286971307916
1659513755.454555,5732.189282942456
1659513760.454555,-6659.701551256287
1659513765.454555,-6179.654712299525
1659513770.454555,-4804.878670776692
1659513775.454555,-1078.4465778603699
1659513780.454555,-1078.4465778603699
1659513785.454555,19691.139278613588
1659513790.454555,11016.717238883419
1659513795.454555,17072.33864570853
1659513800.454555,14435.971483625879
1659513805.454555,24658.69440202894
1659513810.454555,25197.19831925403
1659513815.454555,29242.96774701774
1659513820.454555,50437.46181669179
1659513825.454555,23692.37278840247
1659513830.454555,23056.24211984896
1659513835.454555,20923.745913636296
1659513840.454555,19693.41597542778
1659513845.454555,20027.505669334358
1659513850.454555,14199.362095113964
1659513855.454555,25488.856683477446
1659513860.454555,24604.886417839854
1659513865.454555,24391.81132749496
1659513870.454555,22346.545544174634
1659513875.454555,25036.752671139882
1659513880.454555,23537.913418702974
1659513885.454555,13537.36880995896
1659513890.454555,28388.23084568202
1659513895.454555,21409.896156562663
1659513900.454555,27243.411928383655
1659513905.454555,-285192.43117428094
1659513910.454555,-320495.7393713097
1659513915.454555,-302365.6472294346
1659513920.454555,-428286.69225889695
1659513925.454555,-366268.2253566059
1659513930.454555,-305795.35081876884
1659513935.454555,23022.323270246936
1659513940.454555,23622.81089997807
1659513945.454555,29182.368533625475
1659513950.454555,29827.63366500781
1659513955.454555,29527.109809049638
1659513960.454555,32019.96040003989
1659513965.454555,35316.322784239914
1659513970.454555,23386.448330388987
1659513975.454555,18377.48750426165
1659513980.454555,31925.43471283427
1659513985.454555,25383.416131718164
1659513990.454555,27496.897265132753
1659513995.454555,30616.053222347102
1659514000.454555,34724.45806186396
1659514005.454555,31892.181951060014
1659514010.454555,26510.616401355837
1659514015.454555,27817.976946045117
1659514020.454555,32682.001654603744
1659514025.454555,34288.57302575301
1659514030.454555,30290.622421502027
1659514035.454555,30415.947062458006
1659514040.454555,32635.717967899087
1659514045.454555,30159.38314527918
1659514050.454555,24404.02118378365
1659514055.454555,21574.043631805638
1659514060.454555,35196.40479326366
1659514065.454555,35008.13261028799
1659514070.454555,29259.16742426524
1659514075.454555,11159.066193954393
1659514080.454555,27434.473444374344
1659514085.454555,19561.490791648648
1659514090.454555,20435.28955119449
1659514095.454555,23941.249753072145
1659514100.454555,22903.484122989143
1659514105.454555,22164.8115425092
1659514110.454555,21964.036451737415
1659514115.454555,23389.329931714976
1659514120.454555,24003.369803904858
1659514125.454555,24628.713545157403
1659514130.454555,22593.239747902393
1659514135.454555,28440.351191969727
1659514140.454555,24461.347868784535
1659514145.454555,19877.81998874381
1659514150.454555,14670.213817718728
1659514155.454555,17701.190123129527
1659514160.454555,12699.602816618552
1659514165.454555,12651.77635824954
1659514170.454555,33858.61955246226
1659514175.454555,31219.63632304748
1659514180.454555,30187.84481842872
1659514185.454555,54729.7955328275
1659514190.454555,47239.42576379815
1659514195.454555,44673.21555739431
1659514200.454555,43063.731179779774
1659514205.454555,44010.375128327134
1659514210.454555,42145.32790911879
1659514215.454555,19903.272179582073
1659514220.454555,29235.88746498002
1659514225.454555,30991.635557273137
1659514230.454555,28840.82762472416
1659514235.454555,35851.14885460506
1659514240.454555,40213.348683017706
1659514245.454555,37073.754245382996
1659514250.454555,37247.184709012865
1659514255.454555,35272.381880368914
1659514260.454555,35449.060516733036
1659514265.454555,54050.12039723044
1659514270.454555,52702.193268935596
1659514275.454555,50447.720747218424
1659514280.454555,53235.54969505931
1659514285.454555,50572.51835563537
1659514290.454555,50571.196995468024
1659514295.454555,23653.78188643373
1659514300.454555,24106.8648084675
1659514305.454555,26188.326379536786
1659514310.454555,26739.752610205618
1659514315.454555,28385.879762901644
1659514320.454555,26050.227665652325
1659514325.454555,19260.878530682203
1659514330.454555,20292.17234206985
1659514335.454555,20857.844618939012
1659514340.454555,17905.515332935112
1659514345.454555,17400.16120955304
1659514350.454555,10782.543442737611
1659514355.454555,12137.758804473357
1659514360.454555,13383.435520461768
1659514365.454555,10208.890490832504
1659514370.454555,12017.538367081157
1659514375.454555,10722.482557435242
1659514380.454555,18034.878182277167
1659514385.454555,12539.798683361783
1659514390.454555,20025.947888734932
1659514395.454555,13898.837061395305
1659514400.454555,15629.670685371804
1659514405.454555,14725.737524885682
1659514410.454555,21008.408644518655
1659514415.454555,6710.556582776985
1659514420.454555,7849.357387576978
1659514425.454555,13631.201415559606
1659514430.454555,13687.778242228816
1659514435.454555,13687.778242228816
1659514440.454555,11499.08431282224
1659514445.454555,22153.968059041894
1659514450.454555,15530.34249802491
1659514455.454555,20927.38392737338
1659514460.454555,29605.162438740343
1659514465.454555,22725.130563027196
1659514470.454555,25741.244068998454
1659514475.454555,22807.47798780045
1659514480.454555,25908.281819314183
1659514485.454555,24866.144877740524
1659514490.454555,33674.694039788024
1659514495.454555,25830.828264374348
1659514500.454555,24841.908301546107
1659514505.454555,38009.35764990222
1659514510.454555,34768.99896531207
1659514515.454555,30664.367896060157
1659514520.454555,33132.71457901487
1659514525.454555,28604.48361538118
1659514530.454555,21446.568469492813
1659514535.454555,18912.94160275844
1659514540.454555,14777.29273705564
1659514545.454555,19081.419326983043
1659514550.454555,17056.649317135496
1659514555.454555,18012.314697605332
1659514560.454555,22406.336587737227
1659514565.454555,20869.529241611468
1659514570.454555,28265.53356557857
1659514575.454555,21858.41076989997
1659514580.454555,22401.785533973638
1659514585.454555,27855.877810121277
1659514590.454555,24890.99515163091
1659514595.454555,22370.882418681576
1659514600.454555,25134.118679386283
1659514605.454555,34227.25081696888
1659514610.454555,29667.916311932546
1659514615.454555,61701.03150683121
1659514620.454555,63333.188568435675
1659514625.454555,61284.009177975175
1659514630.454555,60402.77225920275
1659514635.454555,54503.39958394623
1659514640.454555,57248.164332079185
1659514645.454555,22467.744837024355
1659514650.454555,26975.816765564705
1659514655.454555,27074.76573693104
1659514660.454555,26742.731999518284
1659514665.454555,27869.727186784425
1659514670.454555,27869.727186784425
1659514675.454555,31957.356704573605
1659514680.454555,14835.708811598752
1659514685.454555,0
1659514690.454555,0
1659514695.454555,0
1659514700.454555,0
1659514705.454555,0
1659514710.454555,0
1659514715.454555,0
1659514720.454555,0
1659514725.454555,0
1659514730.454555,13095.58276443727
1659514735.454555,29527.574557606746
1659514740.454555,24643.247093642793
1659514745.454555,21724.380300777055
1659514750.454555,24193.45315670328
1659514755.454555,25342.094056344115
1659514760.454555,30496.955943173547
1659514765.454555,19695.8664974263
1659514770.454555,20863.923479624907
1659514775.454555,20189.544290305075
1659514780.454555,17642.55915432846
1659514785.454555,-16892.18438355966
1659514790.454555,-10772.204262792955
1659514795.454555,-12101.67069513935
1659514800.454555,-15310.946394023698
1659514805.454555,-15310.946394023698
1659514810.454555,-25649.432062673477
1659514815.454555,12720.776714363645
1659514820.454555,15811.1271343828
1659514825.454555,20494.53728791528
1659514830.454555,19908.309062414075
1659514835.454555,13051.856937084352
1659514840.454555,16750.616436301585
1659514845.454555,15039.300057957975
1659514850.454555,16336.216203840268
1659514855.454555,21414.49636387319
1659514860.454555,20952.4178475973
1659514865.454555,26557.00827645872
1659514870.454555,19249.78018723111
1659514875.454555,12430.525500577505
1659514880.454555,14105.650896358453
1659514885.454555,4053.007387092586
1659514890.454555,662
1659514895.454555,662
1659514900.454555,0
1659514905.454555,1844
1659514910.454555,1844
1659514915.454555,1844.0066238892762
1659514920.454555,1844.0066238892762
1659514925.454555,1844.0066238892762
1659514930.454555,1391.348028100623
1659514935.454555,5593.632408139143
1659514940.454555,5593.632408139143
1659514945.454555,3971.740325429869
1659514950.454555,3971.740325429869
1659514955.454555,3971.740325429869
1659514960.454555,1524.4089560883624
1659514965.454555,1491.001538363874
1659514970.454555,3653.2621486467383
1659514975.454555,8017.726926503561
1659514980.454555,8017.726926503561
1659514985.454555,8017.726926503561
1659514990.454555,3992.4990266658533
1659514995.454555,3900.125420872116
1659515000.454555,2601.129324257721
1659515005.454555,2140.3273516013614
1659515010.454555,5726.882135004904
1659515015.454555,5726.882135004904
1659515020.454555,7881.76098905659
1659515025.454555,7366.731347836392
1659515030.454555,7366.731347836392
1659515035.454555,954.0019225962575
1659515040.454555,2367
1659515045.454555,2367
1659515050.454555,2366.975533241027
1659515055.454555,2366.975533241027
1659515060.454555,2366.975533241027
1659515065.454555,1153
1659515070.454555,1152.9847074276763
1659515075.454555,1152.9847074276763
1659515080.454555,357
1659515085.454555,357
1659515090.454555,357
1659515095.454555,357
1659515100.454555,0
1659515105.454555,0
1659515110.454555,0
1659515115.454555,0
1659515120.454555,0
1659515125.454555,0
1659515130.454555,0
1659515135.454555,0
1659515140.454555,0
1659515145.454555,0
1659515150.454555,0
1659515155.454555,0
1659515160.454555,1157
1659515165.454555,1157
1659515170.454555,1157
1659515175.454555,1157
1659515180.454555,1157.0108534126284
1659515185.454555,3372.2334039410175
1659515190.454555,23779.872788833498
1659515195.454555,10994.070824598366
1659515200.454555,8740.31188737194
1659515205.454555,19510.17514591212
1659515210.454555,23409.397674983808
1659515215.454555,25087.274687512698
1659515220.454555,-13232.081020841008
1659515225.454555,-15595.903120080457
1659515230.454555,-4257.725152069001
1659515235.454555,-8749.02902570439
1659515240.454555,-11782.393935310127
1659515245.454555,-13049.629916994
1659515250.454555,27527.709847174177
1659515255.454555,26682.50887722444
1659515260.454555,48437.8227324042
1659515265.454555,48089.97950608427
1659515270.454555,48089.97950608427
1659515275.454555,45910.44944533194
1659515280.454555,44839.93842973022
1659515285.454555,44839.93842973022
1659515290.454555,36906.66559980889
1659515295.454555,33441.07628110749
1659515300.454555,34516.985364128246
1659515305.454555,35648.99852752068
1659515310.454555,39030.25879859915
1659515315.454555,36912.18473500568
1659515320.454555,38741.96876021681
1659515325.454555,35240.37712537131
1659515330.454555,6457.455865621359
1659515335.454555,8029.847869800579
1659515340.454555,5064.719811421339
1659515345.454555,11680.520088706196
1659515350.454555,13431.422918544004
1659515355.454555,9600.082850424436
1659515360.454555,42961.34606868931
1659515365.454555,44240.79452017298
1659515370.454555,44240.79452017298
1659515375.454555,45937.168798649385
1659515380.454555,22751.182727881533
1659515385.454555,28694.87929568081
1659515390.454555,16577.84593250309
1659515395.454555,13873.049562646569
1659515400.454555,16945.597733884922
1659515405.454555,9392.104192313576
1659515410.454555,30645.66623953219
1659515415.454555,26178.400810191404
1659515420.454555,25692.340819777597
1659515425.454555,25999.768046688383
1659515430.454555,81421.57512474067
1659515435.454555,81421.57512474067
1659515440.454555,78083.98900975332
1659515445.454555,78435.93471521443
1659515450.454555,79262.54537935366
1659515455.454555,78354.2068343281
1659515460.454555,5560.54277786463
1659515465.454555,5573.819063285882
1659515470.454555,18739.534228496203
1659515475.454555,8920.716977776123
1659515480.454555,9290.752967417671
1659515485.454555,10052.572989964896
1659515490.454555,14931.914010868444
1659515495.454555,18952.617627579053
1659515500.454555,20698.8272573253
1659515505.454555,31104.035269925607
1659515510.454555,40253.03365798769
1659515515.454555,47364.125816024454
1659515520.454555,36606.67671984961
1659515525.454555,33429.612990060494
1659515530.454555,23682.476029816447
1659515535.454555,37761.54971265267
1659515540.454555,45682.1812277104
1659515545.454555,45682.1812277104
1659515550.454555,43671.539605885315
1659515555.454555,51089.55130707716
1659515560.454555,47517.35820009231
1659515565.454555,44702.90130550964
1659515570.454555,33100.900145367814
1659515575.454555,33100.900145367814
1659515580.454555,31878.569441468095
1659515585.454555,30425.786037564256
1659515590.454555,12625.952454577982
1659515595.454555,5773.000577075025
1659515600.454555,5798.126352895137
1659515605.454555,12457.078739499644
1659515610.454555,10481.41048070748
1659515615.454555,10481.41048070748
1659515620.454555,8179.737450258507
1659515625.454555,8179.737450258507
1659515630.454555,9542.347519343039
1659515635.454555,5290.343171973572
1659515640.454555,5448.643048102582
1659515645.454555,35894.932673907955
1659515650.454555,20016.992207082214
1659515655.454555,25645.59829628804
1659515660.454555,34933.6032795721
1659515665.454555,38892.09687402141
1659515670.454555,35088.437905150044
1659515675.454555,36161.969781566935
1659515680.454555,39975.889822486046
1659515685.454555,38796.68621011484
1659515690.454555,36223.67806613908
1659515695.454555,37635.3776589768
1659515700.454555,48790.73744051741
1659515705.454555,51900.404206429426
1659515710.454555,49901.58051534301
1659515715.454555,49237.5266954097
1659515720.454555,51030.98869987702
1659515725.454555,48961.94165867947
1659515730.454555,13270.56390901324
1659515735.454555,13270.56390901324
1659515740.454555,12909.44173052339
1659515745.454555,14281.780463934108
1659515750.454555,12639.4302060545
1659515755.454555,15356.435064331683
1659515760.454555,31841.541180383956
1659515765.454555,31841.541180383956
1659515770.454555,31407.867883803116
1659515775.454555,30613.943475271535
1659515780.454555,34371.23614055992
1659515785.454555,32840.99149757648
1659515790.454555,33169.543025474726
1659515795.454555,58313.17599458489
1659515800.454555,67415.88726338356
1659515805.454555,63377.666269544134
1659515810.454555,58526.02951465057
1659515815.454555,52644.79402230442
1659515820.454555,27958.125822712645
1659515825.454555,13084.405144411041
1659515830.454555,11610.846932900344
1659515835.454555,13045.652140331926
1659515840.454555,8987.42271443768
1659515845.454555,32951.69626817782
1659515850.454555,32694.129674851833
1659515855.454555,30624.714033357366
1659515860.454555,34464.03367465217
1659515865.454555,38675.25003933468
1659515870.454555,39924.221464283815
1659515875.454555,36763.856210174374
1659515880.454555,40269.13762034697
1659515885.454555,35131.92807257116
1659515890.454555,35333.770683502305
1659515895.454555,38507.6236934466
1659515900.454555,35137.30434276068
1659515905.454555,32346.62143303085
1659515910.454555,31942.03224790569
1659515915.454555,34293.28663043284
1659515920.454555,30463.062478517888
1659515925.454555,27518.047091674518
1659515930.454555,34925.03273457861
1659515935.454555,28629.156486234475
1659515940.454555,19991.964343452622
1659515945.454555,15366.214841934343
1659515950.454555,11880.716256976115
1659515955.454555,11553.103599613198
1659515960.454555,6891.619810586288
1659515965.454555,27658.269021168184
1659515970.454555,20765.926992918816
1659515975.454555,20765.926992918816
1659515980.454555,29296.383264290813
1659515985.454555,37695.08579456709
1659515990.454555,30122.646989625933
1659515995.454555,30207.353592072206
1659516000.454555,34742.94170047153
1659516005.454555,40371.31187643105
1659516010.454555,40725.6911710984
1659516015.454555,43651.35419237013
1659516020.454555,37516.37908475544
1659516025.454555,37679.95375456432
1659516030.454555,36277.99698945279
1659516035.454555,34570.47893415544
1659516040.454555,31827.68783801837
1659516045.454555,-1278725.547030319
1659516050.454555,-1167055.6766406444
1659516055.454555,-1170002.5728800723
1659516060.454555,-1551916.819717505
1659516065.454555,-1222439.6635592394
1659516070.454555,-1368888.7220829441
1659516075.454555,30962.13363109583
1659516080.454555,28228.16062302561
1659516085.454555,35976.85036446433
1659516090.454555,28727.3027452713
1659516095.454555,31232.75333718593
1659516100.454555,25880.268909660197
1659516105.454555,34843.838243040846
1659516110.454555,31912.24021871296
1659516115.454555,37006.88721737904
1659516120.454555,36865.62253894831
1659516125.454555,34656.47805971054
1659516130.454555,42826.0725208752
1659516135.454555,38177.55255189362
1659516140.454555,0
1659516145.454555,0
1659516150.454555,0
1659516155.454555,0
1659516160.454555,0
1659516165.454555,0
1659516170.454555,0
1659516175.454555,0
1659516180.454555,0
1659516185.454555,0
1659516190.454555,0
1659516195.454555,0
1659516200.454555,0
1659516205.454555,0
1659516210.454555,0
1659516215.454555,0
1659516220.454555,0
1659516225.454555,0
1659516230.454555,0
1659516235.454555,0
1659516240.454555,0
1659516245.454555,0
1659516250.454555,0
1659516255.454555,0
1659516260.454555,0
1659516265.454555,0
1659516270.454555,0
1659516275.454555,0
1659516280.454555,0
1659516285.454555,0
1659516290.454555,0
1659516295.454555,0
1659516300.454555,0
1659516305.454555,0
1659516310.454555,0
1659516315.454555,0
1659516320.454555,0
1659516325.454555,0
1659516330.454555,0
1659516335.454555,0
1659516340.454555,0
1659516345.454555,0
1659516350.454555,0
1659516355.454555,0
1659516360.454555,0
1659516365.454555,0
1659516370.454555,0
1659516375.454555,0
1659516380.454555,0
1659516385.454555,0
1659516390.454555,0
1659516395.454555,0
1659516400.454555,0
1659516405.454555,0
1659516410.454555,0
1659516415.454555,0
1659516420.454555,0
1659516425.454555,0
1659516430.454555,0
1659516435.454555,0
1659516440.454555,0
1659516445.454555,0
1659516450.454555,0
1659516455.454555,0
1659516460.454555,0
1659516465.454555,0
1659516470.454555,0
1659516475.454555,0
1659516480.454555,0
1659516485.454555,0
1659516490.454555,0
1659516495.454555,0
1659516500.454555,0
1659516505.454555,0
1659516510.454555,0
1659516515.454555,0
1659516520.454555,0
1659516525.454555,0
1659516530.454555,0
1659516535.454555,0
1659516540.454555,0
1659516545.454555,0
1659516550.454555,0
1659516555.454555,0
1659516560.454555,0
1659516565.454555,0
1659516570.454555,0
1659516575.454555,0
1659516580.454555,0
1659516585.454555,0
1659516590.454555,0
1659516595.454555,0
1659516600.454555,0
1659516605.454555,0
1659516610.454555,0
1659516615.454555,0
1659516620.454555,0
1659516625.454555,0
1659516630.454555,0
1659516635.454555,0
1659516640.454555,0
1659516645.454555,0
1659516650.454555,0
1659516655.454555,0
1659516660.454555,0
1659516665.454555,0
1659516670.454555,0
1659516675.454555,0
1659516680.454555,0
1659516685.454555,0
1659516690.454555,0
1659516695.454555,0
1659516700.454555,0
1659516705.454555,0
1659516710.454555,0
1659516715.454555,0
1659516720.454555,0
1659516725.454555,0
1659516730.454555,0
1659516735.454555,0
1659516740.454555,0
1659516745.454555,0
1659516750.454555,0
1659516755.454555,0
1659516760.454555,0
1659516765.454555,0
1659516770.454555,0
1659516775.454555,0
1659516780.454555,0
1659516785.454555,0
1659516790.454555,0
1659516795.454555,0
1659516800.454555,0
1659516805.454555,0
1659516810.454555,0
1659516815.454555,0
1659516820.454555,0
1659516825.454555,0
1659516830.454555,0
1659516835.454555,0
1659516840.454555,0
1659516845.454555,0
1659516850.454555,0
1659516855.454555,0
1659516860.454555,0
1659516865.454555,0
1659516870.454555,0
1659516875.454555,0
1659516880.454555,0
1659516885.454555,0
1659516890.454555,0
1659516895.454555,0
1659516900.454555,0
1659516905.454555,0
1659516910.454555,0
1659516915.454555,0
1659516920.454555,0
1659516925.454555,0
1659516930.454555,0
1659516935.454555,0
1659516940.454555,0
1659516945.454555,0
1659516950.454555,0
1659516955.454555,0
1659516960.454555,0
1659516965.454555,0
1659516970.454555,0
1659516975.454555,0
1659516980.454555,0
1659516985.454555,0
1659516990.454555,0
1659516995.454555,0
1659517000.454555,0
1659517005.454555,0
1659517010.454555,0
1659517015.454555,0
1659517020.454555,0
1659517025.454555,0
1659517030.454555,0
1659517035.454555,57103.35602016456
1659517040.454555,50233.30507909914
1659517045.454555,48698.059950566356
1659517050.454555,47063.105579192204
1659517055.454555,29650.19677128608
1659517060.454555,44528.83010821226
1659517065.454555,42776.48661910889
1659517070.454555,41709.02927918509
1659517075.454555,45873.001946323355
1659517080.454555,50525.72163103895
1659517085.454555,53790.8415307032
1659517090.454555,53656.81463091634
1659517095.454555,49281.534622507905
1659517100.454555,40692.777482583384
1659517105.454555,41333.026495967366
1659517110.454555,45215.064186913805
1659517115.454555,32143.01976240794
1659517120.454555,23108.729687368184
1659517125.454555,25498.454081806827
1659517130.454555,26604.891937849745
1659517135.454555,25163.53016466379
1659517140.454555,25014.56649855825
1659517145.454555,25853.41013466628
1659517150.454555,37481.13398635242
1659517155.454555,38437.62040632741
1659517160.454555,41533.42365012579
1659517165.454555,36892.762453508374
1659517170.454555,48281.24882278568
1659517175.454555,39507.90260470443
1659517180.454555,32133.51065609007
1659517185.454555,29232.067017448546
1659517190.454555,30869.639969318825
1659517195.454555,29037.8727424777
1659517200.454555,25706.71272849786
1659517205.454555,-597.4906522493822
1659517210.454555,-5843.691120598844
1659517215.454555,7785.157213533147
1659517220.454555,2080.7468500487753
1659517225.454555,11829.87358677628
1659517230.454555,12428.45067196633
1659517235.454555,41505.043997941684
1659517240.454555,45582.930705414896
1659517245.454555,54125.15440412238
1659517250.454555,53807.97291328722
1659517255.454555,15586.971018438284
1659517260.454555,13329.355646465268
1659517265.454555,21873.852468632023
1659517270.454555,14567.583081037365
1659517275.454555,2695.952699196886
1659517280.454555,-27273.650420283673
1659517285.454555,-4041.159171489174
1659517290.454555,-4041.159171489174
1659517295.454555,-32760.81601907823
1659517300.454555,-19796.014410486267
1659517305.454555,-15527.270103639112
1659517310.454555,21085.046151352366
1659517315.454555,30552.751600138065
1659517320.454555,30577.803277014496
1659517325.454555,49075.651697381385
1659517330.454555,44213.64109207891
1659517335.454555,44339.13331585089
1659517340.454555,35998.26340365293
1659517345.454555,-14179.335055491667
1659517350.454555,-9123.227722393589
1659517355.454555,-24813.454609021275
1659517360.454555,-23915.872381678575
1659517365.454555,215292.43983806597
1659517370.454555,215292.43983806597
1659517375.454555,258671.74528153092
1659517380.454555,292178.3541383869
1659517385.454555,255748.19658853573
1659517390.454555,245473.08298884588
1659517395.454555,37016.97433260096
1659517400.454555,37016.97433260096
1659517405.454555,41037.72473693825
1659517410.454555,41025.37267475061
1659517415.454555,36496.017549101176
1659517420.454555,34863.155125869765
1659517425.454555,0
1659517430.454555,0
1659517435.454555,0
1659517440.454555,0
1659517445.454555,0
1659517450.454555,0
1659517455.454555,0
1659517460.454555,0
1659517465.454555,0
1659517470.454555,0
1659517475.454555,0
1659517480.454555,0
1659517485.454555,0
1659517490.454555,0
1659517495.454555,0
1659517500.454555,0
1659517505.454555,0
1659517510.454555,0
1659517515.454555,0
1659517520.454555,0
1659517525.454555,0
1659517530.454555,0
1659517535.454555,0
1659517540.454555,0
1659517545.454555,0
1659517550.454555,0
1659517555.454555,66219.99316563678
1659517560.454555,69475.59394877988
1659517565.454555,50160.56240423541
1659517570.454555,44514.44922366229
1659517575.454555,39457.41677827258
1659517580.454555,40531.31695514159
1659517585.454555,34586.060311863694
1659517590.454555,32468.286662354476
1659517595.454555,39655.115613694245
1659517600.454555,42280.82708019407
1659517605.454555,38260.456580316284
1659517610.454555,58847.59830221378
1659517615.454555,64020.672008712696
1659517620.454555,64020.672008712696
1659517625.454555,66601.807767946
1659517630.454555,51955.77603416921
1659517635.454555,55313.06152620228
1659517640.454555,28898.100851352614
1659517645.454555,34199.790829524296
1659517650.454555,34934.68922464347
1659517655.454555,31951.33331475852
1659517660.454555,38660.68069378388
1659517665.454555,32638.600360915632
1659517670.454555,36400.57632263394
1659517675.454555,33394.24059210623
1659517680.454555,33672.1713755245
1659517685.454555,33904.16504704305
1659517690.454555,33716.40362857099
1659517695.454555,32474.187112210326
1659517700.454555,22148.2809035525
1659517705.454555,28981.341305707047
1659517710.454555,20974.201524188742
1659517715.454555,35029.098497423794
1659517720.454555,35029.098497423794
1659517725.454555,42788.13150649575
1659517730.454555,48762.84231366385
1659517735.454555,42217.94715313751
1659517740.454555,56939.17040001373
1659517745.454555,44105.14241559868
1659517750.454555,48084.01738183707
1659517755.454555,39035.79402705864
1659517760.454555,52156.179116209576
1659517765.454555,49632.87507521582
1659517770.454555,49338.49092560045
1659517775.454555,46750.75053683971
1659517780.454555,38717.62182911819
1659517785.454555,37106.92152193575
1659517790.454555,35652.45211294174
1659517795.454555,33359.27878924589
1659517800.454555,33359.27878924589
1659517805.454555,26405.41200733345
1659517810.454555,0
1659517815.454555,0
1659517820.454555,0
1659517825.454555,0
1659517830.454555,0
1659517835.454555,53353.70328241146
1659517840.454555,45456.88421433223
1659517845.454555,45456.88421433223
1659517850.454555,38951.238431136546
1659517855.454555,39645.461499127225
1659517860.454555,37057.08129462484
1659517865.454555,23722.851232355446
1659517870.454555,16585.99083904091
1659517875.454555,8847.381844100806
1659517880.454555,3889.936237365332
1659517885.454555,-256.2921787544157
1659517890.454555,20955.174170720664
1659517895.454555,23031.182484256096
1659517900.454555,25428.397740393237
1659517905.454555,44028.92559594786
1659517910.454555,41595.25616181003
1659517915.454555,42841.600827351365
1659517920.454555,39877.41731719859
1659517925.454555,41532.60115886053
1659517930.454555,-8040.51517112932
1659517935.454555,-13687.72471507909
1659517940.454555,32693.38861012135
1659517945.454555,24546.902936086837
1659517950.454555,27339.644103407907
1659517955.454555,28845.39269771393
1659517960.454555,81682.80490196848
1659517965.454555,134064.45393609293
1659517970.454555,125955.6039288147
1659517975.454555,109299.12969719862
1659517980.454555,114382.4808109926
1659517985.454555,116814.33498862879
1659517990.454555,91177.7986276912
1659517995.454555,44090.394485321376
1659518000.454555,46619.00484060835
1659518005.454555,46051.82423229765
1659518010.454555,48343.166930179825
1659518015.454555,50145.363969070924
1659518020.454555,51321.71137459809
1659518025.454555,-4566.059599581915
1659518030.454555,-17251.46814642772
1659518035.454555,3826.91925294363
1659518040.454555,-15905.405173989582
1659518045.454555,-13996.985099330293
1659518050.454555,-392.5065697444544
1659518055.454555,38483.56116581614
1659518060.454555,44268.72978776391
1659518065.454555,45680.24483464434
1659518070.454555,46436.926680856755
1659518075.454555,39714.87877103234
1659518080.454555,43587.23949655261
1659518085.454555,47893.92856666786
1659518090.454555,80999.73334697039
1659518095.454555,86151.03295892867
1659518100.454555,73667.8446081924
1659518105.454555,75976.0267696428
1659518110.454555,83181.84617306977
1659518115.454555,87597.9749169994
1659518120.454555,18930.950279554378
1659518125.454555,11140.597988430827
1659518130.454555,6606.836825443548
1659518135.454555,2960.643885160484
1659518140.454555,2708.964689049445
1659518145.454555,1225
1659518150.454555,1224.9964224933085
1659518155.454555,1514
1659518160.454555,1514
1659518165.454555,17105.308751507248
1659518170.454555,43736.2113034865
1659518175.454555,32757.79117890914
1659518180.454555,34395.32771476931
1659518185.454555,35595.472406255816
1659518190.454555,33359.62265750792
1659518195.454555,36346.221127938436
1659518200.454555,40765.152943580884
1659518205.454555,40579.276706757475
1659518210.454555,41539.74699107574
1659518215.454555,37111.56219767392
1659518220.454555,33943.66516105402
1659518225.454555,48031.77009475189
1659518230.454555,37402.74557883667
1659518235.454555,38181.135815023394
1659518240.454555,32436.875741385255
1659518245.454555,38329.01025625626
1659518250.454555,33447.007991887134
1659518255.454555,37422.70364445931
1659518260.454555,41598.867044539125
1659518265.454555,37440.19996700554
1659518270.454555,59696.373309325456
1659518275.454555,51278.864636260594
1659518280.454555,50913.94855404372
1659518285.454555,45356.91641444637
1659518290.454555,47386.68608284714
1659518295.454555,66205.70708994032
1659518300.454555,37391.52045882252
1659518305.454555,22715.690083022513
1659518310.454555,21070.63171856168
1659518315.454555,19643.744778160923
1659518320.454555,21117.865950403175
1659518325.454555,21117.865950403175
1659518330.454555,29250.886288280304
1659518335.454555,39064.24690468934
1659518340.454555,39670.875597243976
1659518345.454555,53674.41348388289
1659518350.454555,36022.11675540928
1659518355.454555,37763.33275522141
1659518360.454555,30119.43865735469
1659518365.454555,30601.878533643205
1659518370.454555,30366.85029101968
1659518375.454555,26478.300255017424
1659518380.454555,25155.826536541987
1659518385.454555,29211.282319752092
1659518390.454555,33867.01976545793
1659518395.454555,30402.669503868456
1659518400.454555,41341.475791869
1659518405.454555,30780.615919213327
1659518410.454555,32651.558351654192
1659518415.454555,31189.18989662232
1659518420.454555,38483.86193287782
1659518425.454555,29479.5513997076
1659518430.454555,33996.28738878804
1659518435.454555,43460.2036161335
1659518440.454555,21914.923996315727
1659518445.454555,21914.923996315727
1659518450.454555,28256.974402454613
1659518455.454555,0
1659518460.454555,0
1659518465.454555,0
1659518470.454555,0
1659518475.454555,0
1659518480.454555,0
1659518485.454555,142440.88676596445
1659518490.454555,82433.46062965751
1659518495.454555,62640.66131695782
1659518500.454555,57926.19618908001
1659518505.454555,48071.17565338083
1659518510.454555,47193.00230842532
1659518515.454555,12941.902498771407
1659518520.454555,7423.546056321169
1659518525.454555,6428.320920830427
1659518530.454555,10677.917140936659
1659518535.454555,3450.0050360020373
1659518540.454555,14610.41558813768
1659518545.454555,35294.16525884015
1659518550.454555,48652.107459540755
1659518555.454555,48154.33377944463
1659518560.454555,48456.99779178643
1659518565.454555,44050.21005550123
1659518570.454555,48264.72766243006
1659518575.454555,47679.993929325006
1659518580.454555,48462.651852633804
1659518585.454555,31564.47926929853
1659518590.454555,27496.60790909886
1659518595.454555,26136.29884956235
1659518600.454555,27986.27154198827
1659518605.454555,17008.644178964383
1659518610.454555,19547.871198312703
1659518615.454555,17569.024651528558
