1659503675.454555,29997.42763362552
1659503680.454555,35957.84076458793
1659503685.454555,21543.371756540393
1659503690.454555,25019.32300107474
1659503695.454555,21212.403100759337
1659503700.454555,14412.941043765015
1659503705.454555,23564.566714770604
1659503710.454555,20043.542373436932
1659503715.454555,22738.07998249993
1659503720.454555,23792.677483694075
1659503725.454555,14713.796204890408
1659503730.454555,8782.091218935893
1659503735.454555,1796.3294200965993
1659503740.454555,1796.3294200965993
1659503745.454555,-2532.5474114035915
1659503750.454555,973.6312880608712
1659503755.454555,-22879.70060911526
1659503760.454555,1487.968532189207
1659503765.454555,3484.9957618816343
1659503770.454555,5619.873860286687
1659503775.454555,5619.873860286687
1659503780.454555,5619.873860286687
1659503785.454555,4868.996720715952
1659503790.454555,4868.996720715952
1659503795.454555,838
1659503800.454555,0
1659503805.454555,47950
1659503810.454555,41876.91855437522
1659503815.454555,30169.453821914343
1659503820.454555,42137.79832732638
1659503825.454555,19337.32813506187
1659503830.454555,22533.719122970564
1659503835.454555,16283.950075323253
1659503840.454555,9260.3394918204
1659503845.454555,24691.689394270048
1659503850.454555,24200.788905321515
1659503855.454555,18787.127820088244
1659503860.454555,19658.82575128809
1659503865.454555,12148.865238877273
1659503870.454555,16036.90087170586
1659503875.454555,16695.806853992355
1659503880.454555,9730.0011790229
1659503885.454555,12912.195235176983
1659503890.454555,15049.1136914831
1659503895.454555,16115.8355179865
1659503900.454555,17713.48742904488
1659503905.454555,17713.48742904488
1659503910.454555,28234.26353336117
1659503915.454555,31017.73784738371
1659503920.454555,31017.73784738371
1659503925.454555,15335.292673368043
1659503930.454555,44307.99529477468
1659503935.454555,39498.21751461769
1659503940.454555,39676.61568422036
1659503945.454555,37356.0562944862
1659503950.454555,37356.0562944862
1659503955.454555,36108.467295253715
1659503960.454555,9810.471939929344
1659503965.454555,32755.861199157778
1659503970.454555,36656.23591200658
1659503975.454555,40499.4751509438
1659503980.454555,6391.987779665302
1659503985.454555,32019.652414734872
1659503990.454555,45612.711322494106
1659503995.454555,58872.0387655998
1659504000.454555,77916.58466965055
1659504005.454555,77916.58466965055
1659504010.454555,53372.29110325412
1659504015.454555,58785.24144167106
1659504020.454555,16858.217343898425
1659504025.454555,-1357.942678530395
1659504030.454555,-5267.457954134705
1659504035.454555,-3639.097311423242
1659504040.454555,-6097.251797598254
1659504045.454555,-11881.456823277678
1659504050.454555,22832.413213178523
1659504055.454555,22832.413213178523
1659504060.454555,14120.904047786626
1659504065.454555,14855.337046980612
1659504070.454555,3922.4783545203463
1659504075.454555,6138.152992008715
1659504080.454555,2892.9965494952244
1659504085.454555,8942.770230079903
1659504090.454555,14910.09075368768
1659504095.454555,22229.064476209605
1659504100.454555,26029.391832973062
1659504105.454555,26429.073863498154
1659504110.454555,26429.073863498154
1659504115.454555,32172.678633341387
1659504120.454555,44426.706564075634
1659504125.454555,20065.371431918727
1659504130.454555,20065.371431918727
1659504135.454555,1917
1659504140.454555,1917.0317689717508
1659504145.454555,1917.0317689717508
1659504150.454555,1150
1659504155.454555,1150
1659504160.454555,1150
1659504165.454555,1150.0614082527845
1659504170.454555,26234.57392371944
1659504175.454555,29971.914198426217
1659504180.454555,28653.75850796099
1659504185.454555,24090.17042936801
1659504190.454555,19106.025605516217
1659504195.454555,30551.10929858023
1659504200.454555,18606.16107239628
1659504205.454555,37226.83267017651
1659504210.454555,33845.11962263397
1659504215.454555,40083.64603166942
1659504220.454555,30583.524110560098
1659504225.454555,53084.408128483155
1659504230.454555,38331.245742786756
1659504235.454555,42261.977140065224
1659504240.454555,15421.564002168248
1659504245.454555,2348.537721704848
1659504250.454555,1488.0087044418115
1659504255.454555,1152
1659504260.454555,1152
1659504265.454555,1152
1659504270.454555,1152
1659504275.454555,9616
1659504280.454555,6373.207505031016
1659504285.454555,12770.014018955439
1659504290.454555,11554.216612773007
1659504295.454555,9678.077138087527
1659504300.454555,41610.91884808186
1659504305.454555,35951.195276049635
1659504310.454555,44907.349284401695
1659504315.454555,42329.562282016035
1659504320.454555,37383.405057628326
1659504325.454555,38189.13046263919
1659504330.454555,37186.30987795641
1659504335.454555,18169.58550289338
1659504340.454555,26280.227500901477
1659504345.454555,35509.99212134579
1659504350.454555,22665.973510446616
1659504355.454555,12274.212903425909
1659504360.454555,7880.850232266228
1659504365.454555,14031.04555966261
1659504370.454555,18732.532555544603
1659504375.454555,27505.55695424294
1659504380.454555,27505.55695424294
1659504385.454555,18710.788074918466
1659504390.454555,25680.833644357874
1659504395.454555,30388.81738250884
1659504400.454555,39951.267232308746
1659504405.454555,29192.42164216632
1659504410.454555,23517.83422694866
1659504415.454555,32219.91747324438
1659504420.454555,-18595.988347641378
1659504425.454555,-39505.61696359341
1659504430.454555,-32105.29973128717
1659504435.454555,-38536.944682167195
1659504440.454555,-14038.296569191825
1659504445.454555,-49828.062477211715
1659504450.454555,25110.348260896513
1659504455.454555,25110.348260896513
1659504460.454555,39897.356916252786
1659504465.454555,1210.9899792196532
1659504470.454555,2984
1659504475.454555,2984.0651221544745
1659504480.454555,7772.434199676265
1659504485.454555,12484.049240085988
1659504490.454555,12484.049240085988
1659504495.454555,39436.32621209147
1659504500.454555,28466.538192499127
1659504505.454555,14689.082300954473
1659504510.454555,21236.28455671425
1659504515.454555,29220.776576824195
1659504520.454555,29619.80496494175
1659504525.454555,14944.512302600157
1659504530.454555,11405.64569389042
1659504535.454555,11076.242187575837
1659504540.454555,-2805.1033989145235
1659504545.454555,14597.969751232655
1659504550.454555,26913.84415798622
1659504555.454555,15151.540501741722
1659504560.454555,12502.0613460989
1659504565.454555,9020.305874158126
1659504570.454555,22716.709020310576
1659504575.454555,23583.235443038277
1659504580.454555,25309.700890223783
1659504585.454555,33411.330388103306
1659504590.454555,35422.29924338564
1659504595.454555,36553.975770236364
1659504600.454555,0
1659504605.454555,0
1659504610.454555,0
1659504615.454555,3379
1659504620.454555,3379
1659504625.454555,3378.9705676410395
1659504630.454555,37549.02814700091
1659504635.454555,44675.215630220235
1659504640.454555,44675.215630220235
1659504645.454555,66257.65725063345
1659504650.454555,66257.65725063345
1659504655.454555,59728.87799950862
1659504660.454555,8119.7059263683495
1659504665.454555,2114
1659504670.454555,2114
1659504675.454555,2114
1659504680.454555,2114.0007080162723
1659504685.454555,2114.0007080162723
1659504690.454555,2644.1125418044603
1659504695.454555,2454.9996490384947
1659504700.454555,2454.9996490384947
1659504705.454555,2454.9996490384947
1659504710.454555,1430
1659504715.454555,1430.000178074496
1659504720.454555,2766
1659504725.454555,2766.0184885265016
1659504730.454555,2766.0184885265016
1659504735.454555,2766.0184885265016
1659504740.454555,2766.0184885265016
1659504745.454555,1248
1659504750.454555,1248.0022430224956
1659504755.454555,3570
1659504760.454555,25127.617296156815
1659504765.454555,13229.129100680926
1659504770.454555,19139.19501667958
1659504775.454555,11541.915027796376
1659504780.454555,11602.682606173494
1659504785.454555,10750.74406584956
1659504790.454555,2425.563698221573
1659504795.454555,3210.008954583357
1659504800.454555,1732.4908847820902
1659504805.454555,6604.2880790350855
1659504810.454555,6604.2880790350855
1659504815.454555,5074.478696182245
1659504820.454555,5074.478696182245
1659504825.454555,5074.478696182245
1659504830.454555,2570.874890955666
1659504835.454555,2282.9978706995475
1659504840.454555,2282.9978706995475
1659504845.454555,1453
1659504850.454555,1453.0593674581676
1659504855.454555,1453.0593674581676
1659504860.454555,2385
1659504865.454555,2384.996364011011
1659504870.454555,2384.996364011011
1659504875.454555,2384.996364011011
1659504880.454555,2587.0058764741634
1659504885.454555,3820.3775941793074
1659504890.454555,6530.909744842651
1659504895.454555,17869.599844204717
1659504900.454555,9791.684982922645
1659504905.454555,9791.684982922645
1659504910.454555,16260.306338459031
1659504915.454555,18804.874034456712
1659504920.454555,6646.485256958138
1659504925.454555,25819.4121899069
1659504930.454555,43064.37032278176
1659504935.454555,28619.677402315494
1659504940.454555,51913.43414912393
1659504945.454555,51913.43414912393
1659504950.454555,51913.43414912393
1659504955.454555,1367
1659504960.454555,1367.0004368940818
1659504965.454555,3279.0506615858794
1659504970.454555,6177.889204667301
1659504975.454555,10328.822958042405
1659504980.454555,6823.596287941762
1659504985.454555,7685.60940849586
1659504990.454555,13096.997195023123
1659504995.454555,5939.285533396633
1659505000.454555,27650.157946021438
1659505005.454555,14583.880858429438
1659505010.454555,15402.553396583855
1659505015.454555,3475.3039500352243
1659505020.454555,3467.221626568157
1659505025.454555,2024.4269038173543
1659505030.454555,-25639.706129874052
1659505035.454555,-42775.06745832914
1659505040.454555,-19491.991346282986
1659505045.454555,21527.64838150701
1659505050.454555,19006.275314667873
1659505055.454555,2487.003946191798
1659505060.454555,36991.383950444164
1659505065.454555,36991.383950444164
1659505070.454555,38658.8681167713
1659505075.454555,42813.062840685176
1659505080.454555,42813.062840685176
1659505085.454555,41912.804812815084
1659505090.454555,45968.248942633705
1659505095.454555,45968.248942633705
1659505100.454555,21962.624150403113
1659505105.454555,18115.362114681993
1659505110.454555,13328.428474327986
1659505115.454555,3526.989407024428
1659505120.454555,8859.102821135257
1659505125.454555,8859.102821135257
1659505130.454555,18862.370985613976
1659505135.454555,18984.16852660774
1659505140.454555,41317.28273336089
1659505145.454555,32470.981647254463
1659505150.454555,6424.871709855877
1659505155.454555,6424.871709855877
1659505160.454555,10649.284111555859
1659505165.454555,12737.707715324384
1659505170.454555,12179.099220790742
1659505175.454555,26226.993099084415
1659505180.454555,19976.766248164182
1659505185.454555,28932.559363808985
1659505190.454555,27005.548700750394
1659505195.454555,26619.178245108593
1659505200.454555,86135.13785041828
1659505205.454555,38851.85671814346
1659505210.454555,55854.64602713671
1659505215.454555,61073.91892962639
1659505220.454555,79678.10119672045
1659505225.454555,48293.58537226613
1659505230.454555,28611.737910675907
1659505235.454555,19917.98451931259
1659505240.454555,9757.631161673546
1659505245.454555,21055.772081417705
1659505250.454555,12222.459320204714
1659505255.454555,21444.029067192736
1659505260.454555,10699.615396176374
1659505265.454555,14918.893123040452
1659505270.454555,14918.893123040452
1659505275.454555,13924.930424740938
1659505280.454555,11696.599984200671
1659505285.454555,23692.118162435225
1659505290.454555,26944.03195995138
1659505295.454555,37848.0374997254
1659505300.454555,24573.211829493335
1659505305.454555,27283.947124864953
1659505310.454555,14655.428364473903
1659505315.454555,7531.41182031483
1659505320.454555,21768.100122716056
1659505325.454555,21768.100122716056
1659505330.454555,27183.255765739057
1659505335.454555,8672
1659505340.454555,29808.767682960213
1659505345.454555,20938.932685073192
1659505350.454555,20938.932685073192
1659505355.454555,18149.717180256328
1659505360.454555,18729.829991584887
1659505365.454555,17082.73531423807
1659505370.454555,31208.93552135948
1659505375.454555,21967.050325703596
1659505380.454555,26662.56293960086
1659505385.454555,36000.04752148078
1659505390.454555,39515.350187392534
1659505395.454555,47643.08141910843
1659505400.454555,60965.440583075295
1659505405.454555,71785.86278432282
1659505410.454555,68931.83993229053
1659505415.454555,19135.828546741548
1659505420.454555,31317.86505758525
1659505425.454555,45442.10232097749
1659505430.454555,44782.47161420545
1659505435.454555,31235.30186906518
1659505440.454555,40664.11363306099
1659505445.454555,39534.75721973554
1659505450.454555,39534.75721973554
1659505455.454555,36491.56226766611
1659505460.454555,36491.56226766611
1659505465.454555,633
1659505470.454555,0
1659505475.454555,0
1659505480.454555,0
1659505485.454555,0
1659505490.454555,15377
1659505495.454555,15376.85631641281
1659505500.454555,15376.85631641281
1659505505.454555,15376.85631641281
1659505510.454555,15376.85631641281
1659505515.454555,15376.85631641281
1659505520.454555,1231.012956798385
1659505525.454555,1609
1659505530.454555,1609
1659505535.454555,1609
1659505540.454555,1609.006237424914
1659505545.454555,1609.006237424914
1659505550.454555,600
1659505555.454555,600
1659505560.454555,600
1659505565.454555,600
1659505570.454555,0
1659505575.454555,0
1659505580.454555,0
1659505585.454555,0
1659505590.454555,934
1659505595.454555,934
1659505600.454555,934
1659505605.454555,934
1659505610.454555,934
1659505615.454555,934
1659505620.454555,0
1659505625.454555,200
1659505630.454555,200
1659505635.454555,200
1659505640.454555,200
1659505645.454555,200
1659505650.454555,200
1659505655.454555,0
1659505660.454555,0
1659505665.454555,0
1659505670.454555,0
1659505675.454555,0
1659505680.454555,0
1659505685.454555,0
1659505690.454555,0
1659505695.454555,0
1659505700.454555,0
1659505705.454555,0
1659505710.454555,0
1659505715.454555,0
1659505720.454555,0
1659505725.454555,0
1659505730.454555,0
1659505735.454555,0
1659505740.454555,0
1659505745.454555,0
1659505750.454555,0
1659505755.454555,0
1659505760.454555,0
1659505765.454555,0
1659505770.454555,0
1659505775.454555,0
1659505780.454555,1602
1659505785.454555,1602
1659505790.454555,1602
1659505795.454555,1602
1659505800.454555,1602.0451072443443
1659505805.454555,1602.0451072443443
1659505810.454555,944
1659505815.454555,944
1659505820.454555,944
1659505825.454555,944
1659505830.454555,0
1659505835.454555,1018.9716774565022
1659505840.454555,1018.9716774565022
1659505845.454555,1018.9716774565022
1659505850.454555,1018.9716774565022
1659505855.454555,1018.9716774565022
1659505860.454555,1018.9716774565022
1659505865.454555,0
1659505870.454555,0
1659505875.454555,0
1659505880.454555,0
1659505885.454555,0
1659505890.454555,0
1659505895.454555,0
1659505900.454555,0
1659505905.454555,0
1659505910.454555,0
1659505915.454555,0
1659505920.454555,0
1659505925.454555,1292
1659505930.454555,1292
1659505935.454555,1292
1659505940.454555,1292
1659505945.454555,1292
1659505950.454555,1292.0083988512915
1659505955.454555,1945
1659505960.454555,1945
1659505965.454555,1945
1659505970.454555,1944.993898449049
1659505975.454555,1944.993898449049
1659505980.454555,852
1659505985.454555,852
1659505990.454555,852
1659505995.454555,852
1659506000.454555,0
1659506005.454555,2197
1659506010.454555,2197
1659506015.454555,2197
1659506020.454555,2196.8464413283655
1659506025.454555,2196.8464413283655
1659506030.454555,2196.8464413283655
1659506035.454555,747
1659506040.454555,747
1659506045.454555,747
1659506050.454555,0
1659506055.454555,0
1659506060.454555,305
1659506065.454555,305
1659506070.454555,305
1659506075.454555,305
1659506080.454555,305
1659506085.454555,305
1659506090.454555,0
1659506095.454555,0
1659506100.454555,0
1659506105.454555,0
1659506110.454555,0
1659506115.454555,0
1659506120.454555,0
1659506125.454555,0
1659506130.454555,0
1659506135.454555,0
1659506140.454555,0
1659506145.454555,0
1659506150.454555,0
1659506155.454555,0
1659506160.454555,0
1659506165.454555,0
1659506170.454555,2740
1659506175.454555,2740
1659506180.454555,2740.000355006433
1659506185.454555,2740.000355006433
1659506190.454555,4050.099233650977
1659506195.454555,4050.099233650977
1659506200.454555,3697.998395284001
1659506205.454555,2359.0940686495683
1659506210.454555,1640.9998484523994
1659506215.454555,1640.9998484523994
1659506220.454555,2770.4156185388065
1659506225.454555,2770.4156185388065
1659506230.454555,2770.4156185388065
1659506235.454555,869
1659506240.454555,869
1659506245.454555,869
1659506250.454555,0
1659506255.454555,1448
1659506260.454555,1448
1659506265.454555,1448
1659506270.454555,1448
1659506275.454555,1448.0010376394969
1659506280.454555,1448.0010376394969
1659506285.454555,900
1659506290.454555,900
1659506295.454555,900
1659506300.454555,900
1659506305.454555,0
1659506310.454555,1284
1659506315.454555,1284
1659506320.454555,1284
1659506325.454555,1284
1659506330.454555,1284
1659506335.454555,1284.0013898063048
1659506340.454555,1219
1659506345.454555,1219
1659506350.454555,1219
1659506355.454555,1219
1659506360.454555,1218.9978590345147
1659506365.454555,1669
1659506370.454555,1669
1659506375.454555,1669
1659506380.454555,1669.0013996499185
1659506385.454555,1669.0013996499185
1659506390.454555,2073
1659506395.454555,2073
1659506400.454555,2072.9773300712504
1659506405.454555,2072.9773300712504
1659506410.454555,1673
1659506415.454555,1673.0017982067568
1659506420.454555,1673.0017982067568
1659506425.454555,1673.0017982067568
1659506430.454555,2144.272296594414
1659506435.454555,2144.272296594414
1659506440.454555,3112.977698611976
1659506445.454555,4991.87403037616
1659506450.454555,4991.87403037616
1659506455.454555,4883.188869721862
1659506460.454555,4985.609136435317
1659506465.454555,4985.609136435317
1659506470.454555,4331.9943826957215
1659506475.454555,1107
1659506480.454555,1107
1659506485.454555,1684
1659506490.454555,1684
1659506495.454555,1684
1659506500.454555,1684
1659506505.454555,1683.9986097773804
1659506510.454555,1683.9986097773804
1659506515.454555,2911.0158672295606
1659506520.454555,2911.0158672295606
1659506525.454555,2911.0158672295606
1659506530.454555,2911.0158672295606
1659506535.454555,2314.9990590402745
1659506540.454555,2314.9990590402745
1659506545.454555,2187
1659506550.454555,2187.0014928267665
1659506555.454555,2187.0014928267665
1659506560.454555,2187.0014928267665
1659506565.454555,20258.274715452262
1659506570.454555,20258.274715452262
1659506575.454555,20258.274715452262
1659506580.454555,12163.902943154353
1659506585.454555,12163.902943154353
1659506590.454555,11768.021183969491
1659506595.454555,5831.9962413798385
1659506600.454555,5831.9962413798385
1659506605.454555,3991.532328294511
1659506610.454555,1863.9951899211933
1659506615.454555,1863.9951899211933
1659506620.454555,2551.9989362196366
1659506625.454555,2551.9989362196366
1659506630.454555,2846.04295447716
1659506635.454555,4760.439695367686
1659506640.454555,4760.439695367686
1659506645.454555,4760.439695367686
1659506650.454555,4243.997062005205
1659506655.454555,4243.997062005205
1659506660.454555,1468.8913646104436
1659506665.454555,2241
1659506670.454555,2241
1659506675.454555,2240.9772232531127
1659506680.454555,4635.653781090703
1659506685.454555,4635.653781090703
1659506690.454555,4767.997776662043
1659506695.454555,3750.430975071031
1659506700.454555,3750.430975071031
1659506705.454555,2382.690827432783
1659506710.454555,2209.0232153346533
1659506715.454555,2209.0232153346533
1659506720.454555,2209.0232153346533
1659506725.454555,1491.0135960632474
1659506730.454555,5764.389591224501
1659506735.454555,7732.911904632583
1659506740.454555,5859.815181790957
1659506745.454555,5859.815181790957
1659506750.454555,5859.815181790957
1659506755.454555,4031.9967713615374
1659506760.454555,1138
1659506765.454555,1138.0047779919557
1659506770.454555,4535
1659506775.454555,4535.00150268578
1659506780.454555,4535.00150268578
1659506785.454555,3809.538345345398
1659506790.454555,3809.538345345398
1659506795.454555,3009.99996542176
1659506800.454555,2700.1236243992025
1659506805.454555,2331.0026690970853
1659506810.454555,2331.0026690970853
1659506815.454555,2423.0007879693303
1659506820.454555,5869.721175980823
1659506825.454555,5869.721175980823
1659506830.454555,5286.985576231418
1659506835.454555,5286.985576231418
1659506840.454555,5286.985576231418
1659506845.454555,1610
1659506850.454555,9293.984784998136
1659506855.454555,9191.673762294713
1659506860.454555,4318.975998309868
1659506865.454555,4318.975998309868
1659506870.454555,4318.975998309868
1659506875.454555,4318.975998309868
1659506880.454555,7311.9949206921465
1659506885.454555,496
1659506890.454555,0
1659506895.454555,0
1659506900.454555,0
1659506905.454555,0
1659506910.454555,0
1659506915.454555,0
1659506920.454555,1083
1659506925.454555,1083
1659506930.454555,1083
1659506935.454555,1083
1659506940.454555,1083
1659506945.454555,1083.0072852486592
1659506950.454555,707
1659506955.454555,707
1659506960.454555,707
1659506965.454555,707
1659506970.454555,707
1659506975.454555,0
1659506980.454555,0
1659506985.454555,0
1659506990.454555,1319
1659506995.454555,1319
1659507000.454555,1319
1659507005.454555,1319
1659507010.454555,1319
1659507015.454555,18106.105282970704
1659507020.454555,16761.21993846177
1659507025.454555,21806.003986258584
1659507030.454555,21806.003986258584
1659507035.454555,13740.374278940508
1659507040.454555,10003.074013387013
1659507045.454555,10046.949889442358
1659507050.454555,12617.406011876235
1659507055.454555,31028.466032823057
1659507060.454555,32515.899816902027
1659507065.454555,40688.337452734915
1659507070.454555,34400.868662560875
1659507075.454555,24190.34199949451
1659507080.454555,19449.858379363584
1659507085.454555,16244.424660329634
1659507090.454555,14311.261923451251
1659507095.454555,14676.217465150232
1659507100.454555,8328.252355479244
1659507105.454555,9013.764297992937
1659507110.454555,2029.896976375283
1659507115.454555,-970.1460338493362
1659507120.454555,13061.7410087588
1659507125.454555,13061.7410087588
1659507130.454555,13061.7410087588
1659507135.454555,2811.624710865668
1659507140.454555,2116.018099192165
1659507145.454555,2116.018099192165
1659507150.454555,982
1659507155.454555,982
1659507160.454555,982
1659507165.454555,0
1659507170.454555,1369
1659507175.454555,1369
1659507180.454555,1369
1659507185.454555,1369
1659507190.454555,1369.0075698454646
1659507195.454555,1369.0075698454646
1659507200.454555,1598
1659507205.454555,1598
1659507210.454555,1597.993863756776
1659507215.454555,1597.993863756776
1659507220.454555,913
1659507225.454555,913
1659507230.454555,913
1659507235.454555,913
1659507240.454555,0
1659507245.454555,1045
1659507250.454555,1045
1659507255.454555,1045
1659507260.454555,1045
1659507265.454555,1045
1659507270.454555,1045
1659507275.454555,943
1659507280.454555,943
1659507285.454555,943
1659507290.454555,943
1659507295.454555,943
1659507300.454555,943
1659507305.454555,593
1659507310.454555,593
1659507315.454555,593
1659507320.454555,593
1659507325.454555,593
1659507330.454555,593
1659507335.454555,0
1659507340.454555,0
1659507345.454555,0
1659507350.454555,0
1659507355.454555,0
1659507360.454555,1716.9924749113334
1659507365.454555,1716.9924749113334
1659507370.454555,1716.9924749113334
1659507375.454555,1716.9924749113334
1659507380.454555,1716.9924749113334
1659507385.454555,1716.9924749113334
1659507390.454555,0
1659507395.454555,0
1659507400.454555,0
1659507405.454555,4267
1659507410.454555,4267
1659507415.454555,4267.018936986284
1659507420.454555,13296.183798823287
1659507425.454555,24757.6688901949
1659507430.454555,19828.916025457216
1659507435.454555,25662.56876804228
1659507440.454555,14061.679129806187
1659507445.454555,18901.251266065374
1659507450.454555,23403.26611908315
1659507455.454555,26493.672687354643
1659507460.454555,20733.746892326577
1659507465.454555,22626.876330412953
1659507470.454555,19224.597443070576
1659507475.454555,27509.851065439474
1659507480.454555,28506.27928028138
1659507485.454555,41809.52059910243
1659507490.454555,40513.9807983049
1659507495.454555,44687.80921764189
1659507500.454555,33117.31354490798
1659507505.454555,38994.95912481923
1659507510.454555,40827.153074317604
1659507515.454555,55161.16735995852
1659507520.454555,59314.27779629786
1659507525.454555,80279.39157735162
1659507530.454555,70114.4540942547
1659507535.454555,23972.582535932714
1659507540.454555,19494.710069978704
1659507545.454555,16719.098152886094
1659507550.454555,12662.781502747497
1659507555.454555,5698.24818229103
1659507560.454555,1500.6370807911135
1659507565.454555,-2748.7074964215763
1659507570.454555,-11341.165412574906
1659507575.454555,-9366.625730631404
1659507580.454555,-13251.267075574257
1659507585.454555,27381.540815233042
1659507590.454555,22007.67176758752
1659507595.454555,41807.09763740446
1659507600.454555,22558.54306960615
1659507605.454555,29078.10741875637
1659507610.454555,32662.09614119762
1659507615.454555,24590.8624955654
1659507620.454555,17507.59924995937
1659507625.454555,18046.312830555784
1659507630.454555,28367.479753426
1659507635.454555,26046.798571344916
1659507640.454555,12666.043850278007
1659507645.454555,5379.204825802599
1659507650.454555,20269.142778755973
1659507655.454555,39919.743086348666
1659507660.454555,50012.01853541743
1659507665.454555,93351.10069678645
1659507670.454555,201143.49514150026
1659507675.454555,88928.9532246019
1659507680.454555,71104.73357923809
1659507685.454555,38607.89543803313
1659507690.454555,50185.0106094725
1659507695.454555,63490.07725018229
1659507700.454555,69283.208628183
1659507705.454555,73325.35638818126
1659507710.454555,47145.00508880378
1659507715.454555,46124.095203872814
1659507720.454555,40957.310518991595
1659507725.454555,44162.78873246689
1659507730.454555,41690.15805086603
1659507735.454555,39466.21788625735
1659507740.454555,16609.684948004262
1659507745.454555,22840.47009366324
1659507750.454555,16858.384030626014
1659507755.454555,13426.602283422271
1659507760.454555,30695.40214228866
1659507765.454555,33918.93944023574
1659507770.454555,35876.20968361257
1659507775.454555,38952.45654982113
1659507780.454555,37536.26074468527
1659507785.454555,37536.26074468527
1659507790.454555,23923.13320663046
1659507795.454555,37804.707971475655
1659507800.454555,0
1659507805.454555,0
1659507810.454555,0
1659507815.454555,0
1659507820.454555,0
1659507825.454555,0
1659507830.454555,0
1659507835.454555,0
1659507840.454555,0
1659507845.454555,0
1659507850.454555,0
1659507855.454555,0
1659507860.454555,0
1659507865.454555,0
1659507870.454555,0
1659507875.454555,0
1659507880.454555,0
1659507885.454555,0
1659507890.454555,0
1659507895.454555,0
1659507900.454555,0
1659507905.454555,0
1659507910.454555,0
1659507915.454555,0
1659507920.454555,0
1659507925.454555,0
1659507930.454555,0
1659507935.454555,0
1659507940.454555,0
1659507945.454555,0
1659507950.454555,0
1659507955.454555,0
1659507960.454555,0
1659507965.454555,0
1659507970.454555,0
1659507975.454555,0
1659507980.454555,0
1659507985.454555,0
1659507990.454555,0
1659507995.454555,0
1659508000.454555,0
1659508005.454555,0
1659508010.454555,0
1659508015.454555,0
1659508020.454555,0
1659508025.454555,0
1659508030.454555,0
1659508035.454555,0
1659508040.454555,0
1659508045.454555,0
1659508050.454555,0
1659508055.454555,0
1659508060.454555,0
1659508065.454555,0
1659508070.454555,0
1659508075.454555,0
1659508080.454555,0
1659508085.454555,0
1659508090.454555,0
1659508095.454555,0
1659508100.454555,0
1659508105.454555,0
1659508110.454555,0
1659508115.454555,0
1659508120.454555,0
1659508125.454555,0
1659508130.454555,0
1659508135.454555,0
1659508140.454555,0
1659508145.454555,0
1659508150.454555,0
1659508155.454555,0
1659508160.454555,0
1659508165.454555,0
1659508170.454555,0
1659508175.454555,0
1659508180.454555,0
1659508185.454555,0
1659508190.454555,0
1659508195.454555,0
1659508200.454555,0
1659508205.454555,0
1659508210.454555,0
1659508215.454555,0
1659508220.454555,0
1659508225.454555,0
1659508230.454555,0
1659508235.454555,0
1659508240.454555,0
1659508245.454555,-198208.91964377422
1659508250.454555,-67835.6481582885
1659508255.454555,-67835.6481582885
1659508260.454555,-67984.43454417768
1659508265.454555,-28951.702433504437
1659508270.454555,-18435.7061121308
1659508275.454555,28896.825427850126
1659508280.454555,28252.85353722851
1659508285.454555,33370.54584278979
1659508290.454555,3407.316354607163
1659508295.454555,30197.63598272691
1659508300.454555,33055.32190797537
1659508305.454555,34238.63071750601
1659508310.454555,38661.100629447465
1659508315.454555,39214.36117497279
1659508320.454555,30280.675424071535
1659508325.454555,30769.681937977664
1659508330.454555,18348.063840165007
1659508335.454555,18085.140691413162
1659508340.454555,23456.83191535887
1659508345.454555,21705.05384706396
1659508350.454555,25141.566616323937
1659508355.454555,13692.762667065133
1659508360.454555,19557.01715757565
1659508365.454555,14593.363537252135
1659508370.454555,20857.53763730431
1659508375.454555,20109.095365031186
1659508380.454555,25973.55789290478
1659508385.454555,24638.115702819283
1659508390.454555,39654.5554730268
1659508395.454555,25581.69820270157
1659508400.454555,27285.448887101473
1659508405.454555,23798.672831886026
1659508410.454555,16667.96343723758
1659508415.454555,29350.507187436466
1659508420.454555,22736.31738321334
1659508425.454555,19172.978695158283
1659508430.454555,24779.352465142067
1659508435.454555,35830.80950147252
1659508440.454555,48724.0670411422
1659508445.454555,67754.74194684782
1659508450.454555,89788.62190741405
1659508455.454555,94427.44146997148
1659508460.454555,36392.329731386075
1659508465.454555,29718.586440914023
1659508470.454555,35225.89801050229
1659508475.454555,31510.778776281873
1659508480.454555,42289.751592859495
1659508485.454555,31352.759725877593
1659508490.454555,27640.952987055283
1659508495.454555,27684.198050857965
1659508500.454555,28048.425834453035
1659508505.454555,11241.025130657876
1659508510.454555,19227.287714006183
1659508515.454555,31554.860514437856
1659508520.454555,34642.61979476342
1659508525.454555,35198.123746477446
1659508530.454555,28423.191406317543
1659508535.454555,30970.498805185216
1659508540.454555,34005.90330173921
1659508545.454555,30997.60003171794
1659508550.454555,30875.768131115656
1659508555.454555,30568.499858864012
1659508560.454555,29940.30380665705
1659508565.454555,26858.205964205034
1659508570.454555,31941.936374237663
1659508575.454555,25975.27337010421
1659508580.454555,27850.780813256468
1659508585.454555,30368.60285896445
1659508590.454555,27916.045369524145
1659508595.454555,27916.045369524145
1659508600.454555,33664.666574939445
1659508605.454555,24664.925194067426
1659508610.454555,23134.773503097556
1659508615.454555,22979.354140065778
1659508620.454555,30635.62647479941
1659508625.454555,26383.68492614282
1659508630.454555,29539.002269794706
1659508635.454555,29539.002269794706
1659508640.454555,31075.33575916796
1659508645.454555,34284.49248630519
1659508650.454555,35853.812487191164
1659508655.454555,44319.499924400036
1659508660.454555,56399.1207705668
1659508665.454555,41077.488898039235
1659508670.454555,37245.35617364957
1659508675.454555,26581.114129136975
1659508680.454555,36366.849787485786
1659508685.454555,23434.93122190972
1659508690.454555,41206.6385706703
1659508695.454555,45660.19753033244
1659508700.454555,59871.10642287413
1659508705.454555,32671.44325662889
1659508710.454555,43927.44946194139
1659508715.454555,21405.046506412866
1659508720.454555,21909.939753422106
1659508725.454555,8651.863257977779
1659508730.454555,4748.387920420446
1659508735.454555,8455.88187474965
1659508740.454555,8455.88187474965
1659508745.454555,30454.043968414313
1659508750.454555,31139.791148185923
1659508755.454555,28720.35603449872
1659508760.454555,28710.669541788142
1659508765.454555,18964.065286124867
1659508770.454555,35295.57918672213
1659508775.454555,35215.73594966881
1659508780.454555,38024.81539460282
1659508785.454555,21058.813255485707
1659508790.454555,31605.15789302979
1659508795.454555,34542.83846844252
1659508800.454555,30893.12432102285
1659508805.454555,20534.56089189982
1659508810.454555,14614.081392520493
1659508815.454555,14120.814770440707
1659508820.454555,14970.395813317504
1659508825.454555,15035.208308137077
1659508830.454555,23091.454637326933
1659508835.454555,28015.228576394653
1659508840.454555,37970.782595699195
1659508845.454555,33220.93228053909
1659508850.454555,37892.02009138037
1659508855.454555,21867.80157336468
1659508860.454555,26921.047401536194
1659508865.454555,16888.498734523055
1659508870.454555,32047.554429033204
1659508875.454555,28507.00516798829
1659508880.454555,18990.777166283042
1659508885.454555,3803.64339173002
1659508890.454555,-13253.76907937854
1659508895.454555,-21300.463410971424
1659508900.454555,-1755.016451496831
1659508905.454555,19417.42108266571
1659508910.454555,19101.512003856762
1659508915.454555,17162.042588415665
1659508920.454555,27846.79910883194
1659508925.454555,26280.460450137794
1659508930.454555,30033.494942654666
1659508935.454555,31354.83108761113
1659508940.454555,38577.94139662497
1659508945.454555,37715.78204568532
1659508950.454555,35561.316171646395
1659508955.454555,36254.9974109975
1659508960.454555,27763.61946634465
1659508965.454555,15653.838216388847
1659508970.454555,38727.11889893313
1659508975.454555,31738.017705856168
1659508980.454555,32733.722438986482
1659508985.454555,28412.003561653473
1659508990.454555,42733.246264389585
1659508995.454555,41119.762147785346
1659509000.454555,40434.56433720546
1659509005.454555,36463.651917923155
1659509010.454555,41741.3984851271
1659509015.454555,49139.15725912459
1659509020.454555,40690.274425622636
1659509025.454555,20074.742573478805
1659509030.454555,34350.552410322874
1659509035.454555,20954.737726426676
1659509040.454555,22249.286183940363
1659509045.454555,34200.76364753946
1659509050.454555,31002.659075224572
1659509055.454555,33471.34009178672
1659509060.454555,33134.21852613919
1659509065.454555,27106.33347376907
1659509070.454555,27106.33347376907
1659509075.454555,44515.64720476694
1659509080.454555,0
1659509085.454555,0
1659509090.454555,0
1659509095.454555,0
1659509100.454555,0
1659509105.454555,0
1659509110.454555,0
1659509115.454555,0
1659509120.454555,0
1659509125.454555,0
1659509130.454555,0
1659509135.454555,0
1659509140.454555,0
1659509145.454555,0
1659509150.454555,0
1659509155.454555,0
1659509160.454555,0
1659509165.454555,0
1659509170.454555,0
1659509175.454555,0
1659509180.454555,0
1659509185.454555,0
1659509190.454555,0
1659509195.454555,0
1659509200.454555,0
1659509205.454555,0
1659509210.454555,0
1659509215.454555,45818
1659509220.454555,42243.210578118706
1659509225.454555,51949.470973221745
1659509230.454555,51949.470973221745
1659509235.454555,51949.470973221745
1659509240.454555,51949.470973221745
1659509245.454555,35260.068050619186
1659509250.454555,45609.177912878
1659509255.454555,46253.84270789879
1659509260.454555,41273.31026464756
1659509265.454555,41273.31026464756
1659509270.454555,37099.63019016998
1659509275.454555,34415.39061905747
1659509280.454555,30067.887972677898
1659509285.454555,37393.763508228905
1659509290.454555,34355.960420081065
1659509295.454555,33648.68820674339
1659509300.454555,38378.902035057166
1659509305.454555,25140.34283003167
1659509310.454555,28178.95868142429
1659509315.454555,36906.27261248497
1659509320.454555,42999.5216972506
1659509325.454555,47593.20476379606
1659509330.454555,30271.483916513433
1659509335.454555,24949.155960180484
1659509340.454555,21581.059648432172
1659509345.454555,12168.99922639711
1659509350.454555,20804.789169758496
1659509355.454555,18360.14189226505
1659509360.454555,22906.006262947667
1659509365.454555,19148.03320259513
1659509370.454555,19927.234623684653
1659509375.454555,15019.935276515807
1659509380.454555,24148.100284183634
1659509385.454555,26657.56507392734
1659509390.454555,29514.358653012772
1659509395.454555,35621.576466226514
1659509400.454555,32647.386996380603
1659509405.454555,25726.458793286372
1659509410.454555,26294.283138503917
1659509415.454555,24506.949894395548
1659509420.454555,22686.613272647373
1659509425.454555,19483.841328880266
1659509430.454555,24483.48556011845
1659509435.454555,27946.667408633435
1659509440.454555,20287.79116907405
1659509445.454555,23224.460061898775
1659509450.454555,18140.92957293131
1659509455.454555,43369.60428992011
1659509460.454555,37057.35195815752
1659509465.454555,26882.624676091098
1659509470.454555,35655.63090240796
1659509475.454555,39347.78636840843
1659509480.454555,32317.889730585048
1659509485.454555,28672.40729285976
1659509490.454555,28672.40729285976
1659509495.454555,21681.354754926666
1659509500.454555,38921.18653970715
1659509505.454555,44918.02693131625
1659509510.454555,62402.637963265384
1659509515.454555,135403.6328825957
1659509520.454555,105879.35376704964
1659509525.454555,66649.83202741825
1659509530.454555,15393.755698246621
1659509535.454555,15752.239106385201
1659509540.454555,13576.063696438288
1659509545.454555,18672.468057555554
1659509550.454555,27743.810162509388
1659509555.454555,20148.65497565187
1659509560.454555,15873.008740692756
1659509565.454555,9489.558647227712
1659509570.454555,17611.54503524747
1659509575.454555,14648.034277064182
1659509580.454555,22762.592800126054
1659509585.454555,11279.608495083772
1659509590.454555,26793.04094596309
1659509595.454555,26793.04094596309
1659509600.454555,31532.89891041983
1659509605.454555,31492.90308526581
1659509610.454555,34516.011716907946
1659509615.454555,36599.04234152412
1659509620.454555,64859.57987960193
1659509625.454555,64859.57987960193
1659509630.454555,43390.088874821886
1659509635.454555,36147.40836868831
1659509640.454555,36058.645526866734
1659509645.454555,12043.63425330061
1659509650.454555,7561.021463146903
1659509655.454555,7528.758379243938
1659509660.454555,8716.84033427845
1659509665.454555,7268.870529820715
1659509670.454555,11251.357487139721
1659509675.454555,14756.916691359678
1659509680.454555,18713.68580018871
1659509685.454555,27223.46917188128
1659509690.454555,27994.734934656888
1659509695.454555,32085.04453584802
1659509700.454555,36402.989205579404
1659509705.454555,32499.580952677687
1659509710.454555,36244.33960429556
1659509715.454555,23560.17179790384
1659509720.454555,31237.53508115007
1659509725.454555,39822.55591117259
1659509730.454555,36773.23344133043
1659509735.454555,23715.183189502546
1659509740.454555,27537.257357956398
1659509745.454555,61372.033360768946
1659509750.454555,22371.28591727815
1659509755.454555,31805.34153195247
1659509760.454555,39246.06058990885
1659509765.454555,45392.368209382694
1659509770.454555,45189.697602556116
1659509775.454555,13141.72261465772
1659509780.454555,33761.51362428776
1659509785.454555,39108.75161466916
1659509790.454555,39239.6125021338
1659509795.454555,34122.75149742311
1659509800.454555,42499.70885919215
1659509805.454555,13155.408252004077
1659509810.454555,27276.50696653103
1659509815.454555,47373.40227217416
1659509820.454555,42348.67198228199
1659509825.454555,50301.74414171187
1659509830.454555,73966.73533975412
1659509835.454555,101376.89779561493
1659509840.454555,120720.22401770324
1659509845.454555,23300.228174976233
1659509850.454555,20011.59668012384
1659509855.454555,18650.494622779173
1659509860.454555,14913.238437279942
1659509865.454555,41894.80942568389
1659509870.454555,34103.837794743435
1659509875.454555,39049.212713012916
1659509880.454555,32364.963006566653
1659509885.454555,23447.432977468663
1659509890.454555,22768.743324893097
1659509895.454555,31840.903961119453
1659509900.454555,30168.445311397463
1659509905.454555,21668.790140106365
1659509910.454555,8036.862996478463
1659509915.454555,39111.81684123208
1659509920.454555,39581.06593601058
1659509925.454555,36709.02693328461
1659509930.454555,36709.02693328461
1659509935.454555,19415.4035009785
1659509940.454555,15279.929347777315
1659509945.454555,18745.07498729194
1659509950.454555,9124.161003120918
1659509955.454555,162435.13654723144
1659509960.454555,162435.13654723144
1659509965.454555,320135.44004941615
1659509970.454555,302945.32032059605
1659509975.454555,379289.7213314272
1659509980.454555,223303.8832442503
1659509985.454555,27412.54934110845
1659509990.454555,27631.504376976893
1659509995.454555,24122.68464997907
1659510000.454555,25327.332607430937
1659510005.454555,22230.441600637412
1659510010.454555,37773.95146101736
1659510015.454555,31378.561104753913
1659510020.454555,37433.11139430626
1659510025.454555,32940.57745417402
1659510030.454555,35933.91758615708
1659510035.454555,30586.22881279484
1659510040.454555,13401.236742966004
1659510045.454555,22199.748659798475
1659510050.454555,28992.66809141978
1659510055.454555,22265.38707040491
1659510060.454555,18929.35102511634
1659510065.454555,40202.97812557796
1659510070.454555,36946.51252154679
1659510075.454555,26579.38297359962
1659510080.454555,25654.05029773542
1659510085.454555,28333.354196744032
1659510090.454555,27701.870950975324
1659510095.454555,9429.59314879999
1659510100.454555,7431.201435284189
1659510105.454555,39995.392774017964
1659510110.454555,40927.48607305037
1659510115.454555,24562.052724973015
1659510120.454555,27086.87215220657
1659510125.454555,46020.19139383774
1659510130.454555,48740.01914742448
1659510135.454555,35590.959889413054
1659510140.454555,37286.98442958421
1659510145.454555,28402.662043351454
1659510150.454555,20397.495491636182
1659510155.454555,22629.054621543935
1659510160.454555,18160.658494560586
1659510165.454555,21812.80694509165
1659510170.454555,17864.431040082527
1659510175.454555,28532.904126721653
1659510180.454555,35825.66483884545
1659510185.454555,28536.209185167358
1659510190.454555,32804.89720993671
1659510195.454555,42751.78581315611
1659510200.454555,27525.005230775718
1659510205.454555,35844.36672005759
1659510210.454555,17023.634298399593
1659510215.454555,31654.01942595972
1659510220.454555,37612.40095273304
1659510225.454555,46617.83213856119
1659510230.454555,76897.75375624558
1659510235.454555,13052.41891684205
1659510240.454555,34281.449473125605
1659510245.454555,32506.750440588377
1659510250.454555,21884.755309193253
1659510255.454555,8617.737600026203
1659510260.454555,12173.30292455549
1659510265.454555,37411.61861424042
1659510270.454555,30454.90453254823
1659510275.454555,30803.5326733091
1659510280.454555,38606.171206948144
1659510285.454555,29341.077708250363
1659510290.454555,32434.994504150625
1659510295.454555,26198.08635939199
1659510300.454555,25833.61643763383
1659510305.454555,24580.36519886381
1659510310.454555,26185.258474380156
1659510315.454555,40024.41298914701
1659510320.454555,23552.81760215618
1659510325.454555,26876.03731000465
1659510330.454555,24822.613967173304
1659510335.454555,33000.5775013612
1659510340.454555,35511.15937249162
1659510345.454555,33742.70296316757
1659510350.454555,45640.9198210113
1659510355.454555,49368.065509354914
1659510360.454555,62998.79383228591
1659510365.454555,32863.96667063374
1659510370.454555,7896.9575606587105
1659510375.454555,9578.242975107945
1659510380.454555,14256.700814057534
1659510385.454555,11662.705695258483
1659510390.454555,12717.59140162734
1659510395.454555,-6250.487808423106
1659510400.454555,-13405.198714678398
1659510405.454555,10672.277733456247
1659510410.454555,-74803.52392309933
1659510415.454555,17162.90353325971
1659510420.454555,17162.90353325971
1659510425.454555,12863.903743923529
1659510430.454555,15235.990079546045
1659510435.454555,14916.655978134517
1659510440.454555,40356.38340940942
1659510445.454555,41897.36056731336
1659510450.454555,41701.051828833195
1659510455.454555,37092.60921600478
1659510460.454555,35911.47544852483
1659510465.454555,33049.59657169596
1659510470.454555,21167.161980889752
1659510475.454555,23215.300112528697
1659510480.454555,4969.481859398016
1659510485.454555,32864.26804196053
1659510490.454555,41392.43200220345
1659510495.454555,47617.33767079111
1659510500.454555,42563.24160086969
1659510505.454555,50461.85112478211
1659510510.454555,35236.126246643486
1659510515.454555,30208.979683660265
1659510520.454555,20586.478734567034
1659510525.454555,24769.119207189626
1659510530.454555,18958.42850076262
1659510535.454555,25230.54135554805
1659510540.454555,21237.113565202482
1659510545.454555,19887.763330208123
1659510550.454555,19834.790149274268
1659510555.454555,-9824.387381843298
1659510560.454555,10149.41495633807
1659510565.454555,25318.427403576865
1659510570.454555,26371.059478520277
1659510575.454555,23026.085457749214
1659510580.454555,14278.455707005407
1659510585.454555,10383.564078032257
1659510590.454555,13985.388613792833
1659510595.454555,15236.732250037227
1659510600.454555,13812.843086805047
1659510605.454555,19646.315497291085
1659510610.454555,26291.139231483776
1659510615.454555,25848.28273280477
1659510620.454555,20430.16962666373
1659510625.454555,16446.77855574798
1659510630.454555,19073.155387119994
1659510635.454555,16861.40289822324
1659510640.454555,10215.682787716582
1659510645.454555,16572.0238675464
1659510650.454555,19367.587766234094
1659510655.454555,27896.633915380196
1659510660.454555,27896.633915380196
1659510665.454555,23291.132144962816
1659510670.454555,33696.38056141325
1659510675.454555,22769.10282503216
1659510680.454555,21036.52624511807
1659510685.454555,18553.297723106058
1659510690.454555,18553.297723106058
1659510695.454555,16177.292452281194
1659510700.454555,14062.158355309688
1659510705.454555,15076.10214792235
1659510710.454555,14539.281749576952
1659510715.454555,10363.644834830055
1659510720.454555,10106.434797684084
1659510725.454555,13651.162418342297
1659510730.454555,8337.502086707194
1659510735.454555,32875.83032254669
1659510740.454555,21705.834326685686
1659510745.454555,33790.18753674975
1659510750.454555,34305.60995213223
1659510755.454555,36540.786132330766
1659510760.454555,38505.64415547739
1659510765.454555,36121.56400024556
1659510770.454555,42440.49895040794
1659510775.454555,40571.56864840373
1659510780.454555,41257.22851954363
1659510785.454555,37338.2964010901
1659510790.454555,44093.93625763767
1659510795.454555,49143.17827670561
1659510800.454555,48580.95113544003
1659510805.454555,46926.53000634287
1659510810.454555,53993.24199281941
1659510815.454555,66550.29185890243
1659510820.454555,64173.797452419516
1659510825.454555,71592.3738010835
1659510830.454555,61728.82269869533
1659510835.454555,16838.693230194913
1659510840.454555,16973.19865566711
1659510845.454555,27292.95082003622
1659510850.454555,40999.48172273414
1659510855.454555,38849.80459474681
1659510860.454555,36922.05804229861
1659510865.454555,34715.73007079521
1659510870.454555,67186.71616685427
1659510875.454555,39643.81599707915
1659510880.454555,55893.136530966294
1659510885.454555,52273.20487908099
1659510890.454555,25743.392814805527
1659510895.454555,39249.39534161951
1659510900.454555,35486.36870053545
1659510905.454555,36052.36590983125
1659510910.454555,38618.49529435419
1659510915.454555,54263.90089042094
1659510920.454555,57743.01117384006
1659510925.454555,54410.92295416321
1659510930.454555,55008.831610570116
1659510935.454555,37272.95435189069
1659510940.454555,37272.95435189069
1659510945.454555,33672.18360017166
1659510950.454555,37274.20391722464
1659510955.454555,28151.870476796175
1659510960.454555,37483.38228933395
1659510965.454555,18028.395016506103
1659510970.454555,53819.16584486094
1659510975.454555,29650.35127435568
1659510980.454555,49626.13574155465
1659510985.454555,47421.65589844474
1659510990.454555,37023.056362115174
1659510995.454555,33799.83641504824
1659511000.454555,33393.32932586283
1659511005.454555,28695.689615169507
1659511010.454555,26379.95544634731
1659511015.454555,20625.104246505653
1659511020.454555,28027.726809592405
1659511025.454555,35708.52930442216
1659511030.454555,38539.612229616054
1659511035.454555,44349.1951575593
1659511040.454555,41501.28141323356
1659511045.454555,46721.36693805366
1659511050.454555,46025.18004085948
1659511055.454555,28394.428566766153
1659511060.454555,28394.428566766153
1659511065.454555,15376.557595640666
1659511070.454555,2530.8803329171697
1659511075.454555,8248.27303381368
1659511080.454555,16050.95386106896
1659511085.454555,11951.499225829846
1659511090.454555,12947.944701737291
1659511095.454555,45702.94929591845
1659511100.454555,39800.60554877273
1659511105.454555,38593.5821184713
1659511110.454555,34221.25439377051
1659511115.454555,31377.56837677075
1659511120.454555,42780.06456159631
1659511125.454555,31258.360495058932
1659511130.454555,36810.23172945216
1659511135.454555,35933.93139251589
1659511140.454555,39471.314699197144
1659511145.454555,36364.8377079857
1659511150.454555,27699.526282378265
1659511155.454555,29157.778224595568
1659511160.454555,43129.37342703796
1659511165.454555,31962.293361675707
1659511170.454555,43292.0150852254
1659511175.454555,36237.79173097068
1659511180.454555,38767.366216655835
1659511185.454555,43537.400853002
1659511190.454555,21322.454165786596
1659511195.454555,21243.582949279833
1659511200.454555,28821.89666681089
1659511205.454555,28314.234321052867
1659511210.454555,21692.971324870334
1659511215.454555,-18394.57544582047
1659511220.454555,-51833.19722778792
1659511225.454555,-46842.50517010399
1659511230.454555,7140.797104957826
1659511235.454555,6168.945196666283
1659511240.454555,11399.312854161853
1659511245.454555,10914.63158190153
1659511250.454555,11358.048722955398
1659511255.454555,6106.252199398755
1659511260.454555,5657.798509694408
1659511265.454555,2485.367186194198
1659511270.454555,3295.6562055076006
1659511275.454555,3295.6562055076006
1659511280.454555,5722.814849182878
1659511285.454555,6496.79271673721
1659511290.454555,6496.79271673721
1659511295.454555,23574.681210111776
1659511300.454555,97317.14896744932
1659511305.454555,97158.61600293628
1659511310.454555,103959.72880093794
1659511315.454555,90675.50710382973
1659511320.454555,86971.18113380969
1659511325.454555,84401.55601695817
1659511330.454555,32018.01482550798
1659511335.454555,38364.542871339545
1659511340.454555,35337.71067695283
1659511345.454555,34145.181566624145
1659511350.454555,27817.47501550951
1659511355.454555,38224.63663470176
1659511360.454555,29898.326012413898
1659511365.454555,26284.78242875434
1659511370.454555,28100.91099369276
1659511375.454555,27078.96940352735
1659511380.454555,42901.052921502116
1659511385.454555,42901.052921502116
1659511390.454555,27723.326220541032
1659511395.454555,32162.28069164887
1659511400.454555,22811.919649797364
1659511405.454555,22828.807848387107
1659511410.454555,30962.083342618163
1659511415.454555,29176.646177696377
1659511420.454555,24834.946035292327
1659511425.454555,44153.63850266394
1659511430.454555,37192.7862962201
1659511435.454555,36620.24250824565
1659511440.454555,38600.95327260419
1659511445.454555,40064.308786243615
1659511450.454555,27744.013015149467
1659511455.454555,30369.8232997014
1659511460.454555,33689.936612945196
1659511465.454555,31177.264367425254
1659511470.454555,30355.586211748832
1659511475.454555,25129.971690047525
1659511480.454555,27676.202208007024
1659511485.454555,22259.720834157073
1659511490.454555,24951.013091298268
1659511495.454555,21752.276660742456
1659511500.454555,21316.14070078932
1659511505.454555,24813.41944625588
1659511510.454555,31698.1608569127
1659511515.454555,30267.417806922458
1659511520.454555,26405.161861817865
1659511525.454555,23686.151910367418
1659511530.454555,20521.12267661239
1659511535.454555,15211.34730059529
1659511540.454555,16230.42611417263
1659511545.454555,30223.740731326037
1659511550.454555,14834.819830284785
1659511555.454555,12918.810087526563
1659511560.454555,22403.294712632105
1659511565.454555,21775.62212890487
1659511570.454555,19824.087984375816
1659511575.454555,26619.30834801308
1659511580.454555,20585.1560368866
1659511585.454555,16245.759969967276
1659511590.454555,19560.61255254526
1659511595.454555,25522.536741903154
1659511600.454555,34985.35789884157
1659511605.454555,29469.582981127896
1659511610.454555,41316.36100570322
1659511615.454555,46537.02020763958
1659511620.454555,31680.08570985109
1659511625.454555,26581.442475897424
1659511630.454555,26582.14049717236
1659511635.454555,20407.40753472756
1659511640.454555,17682.279888187277
1659511645.454555,34394.20891985399
1659511650.454555,14968.449078435367
1659511655.454555,15210.8221309099
1659511660.454555,33163.9902813261
1659511665.454555,26962.620881579023
1659511670.454555,38871.957723043204
1659511675.454555,34516.0292299602
1659511680.454555,20736.937080009287
1659511685.454555,37012.35532602454
1659511690.454555,29123.707877173452
1659511695.454555,26557.337730140353
1659511700.454555,19025.578975856362
1659511705.454555,15885.154828416255
1659511710.454555,13910.063297348803
1659511715.454555,14874.01926929215
1659511720.454555,11797.06406062861
1659511725.454555,9332.175084716891
1659511730.454555,13977.39986974106
1659511735.454555,10501.995726117266
1659511740.454555,15584.897215776076
1659511745.454555,21099.239381640582
1659511750.454555,14555.28443791735
1659511755.454555,28439.589872863926
1659511760.454555,29152.501717803567
1659511765.454555,37404.408854475165
1659511770.454555,19711.38902393581
1659511775.454555,39336.184037094456
1659511780.454555,29968.31775244543
1659511785.454555,32735.085513004757
1659511790.454555,26172.125041522344
1659511795.454555,27100.318092309844
1659511800.454555,18382.0751337908
1659511805.454555,31657.860640040057
1659511810.454555,18642.492666919774
1659511815.454555,13238.390124296955
1659511820.454555,13825.381129335514
1659511825.454555,15431.579253510592
1659511830.454555,27200.754054067875
1659511835.454555,18849.72025573939
1659511840.454555,28195.50241893749
1659511845.454555,17929.228696347298
1659511850.454555,29879.728507601896
1659511855.454555,35419.08048831817
1659511860.454555,19709.489822766587
1659511865.454555,32153.51934359543
1659511870.454555,26452.57156669345
1659511875.454555,18587.163625443725
1659511880.454555,23213.25492323053
1659511885.454555,23597.411286151106
1659511890.454555,26493.994221633213
1659511895.454555,32394.146216391913
1659511900.454555,12187.22624814418
1659511905.454555,12187.22624814418
1659511910.454555,5817.376609115092
1659511915.454555,16461.53593086074
1659511920.454555,19721.511826557755
1659511925.454555,22817.206844755172
1659511930.454555,46197.67618031516
1659511935.454555,46197.67618031516
1659511940.454555,29579.068077236523
1659511945.454555,29335.793641267257
1659511950.454555,26641.040060920146
1659511955.454555,26860.84181001113
1659511960.454555,15585.914425224182
1659511965.454555,15585.914425224182
1659511970.454555,16348.174973246358
1659511975.454555,12222.703050833148
1659511980.454555,8482.141404277954
1659511985.454555,34830.14344835646
1659511990.454555,33280.806837077034
1659511995.454555,33280.806837077034
1659512000.454555,35029.32753704548
1659512005.454555,52318.29659024491
1659512010.454555,61537.44998467999
1659512015.454555,79786.51346047332
1659512020.454555,56779.245275547524
1659512025.454555,58164.66597609513
1659512030.454555,55868.42217553365
1659512035.454555,55990.7983231882
1659512040.454555,53288.54067822064
1659512045.454555,54571.51506127998
1659512050.454555,43727.62299599867
1659512055.454555,26590.098199063083
1659512060.454555,11198.0153226049
1659512065.454555,18819.153066078863
1659512070.454555,42045.16289988897
1659512075.454555,42464.68873490388
1659512080.454555,28428.610052915916
1659512085.454555,-46431.39065885439
1659512090.454555,38331.75026867348
1659512095.454555,35639.36578799384
1659512100.454555,18967.611792450545
1659512105.454555,52647.0398058479
1659512110.454555,48160.95477205307
1659512115.454555,100846.58464801754
1659512120.454555,60816.61449053264
1659512125.454555,62766.349214612186
1659512130.454555,38121.46266053252
1659512135.454555,23665.221854683023
1659512140.454555,28346.16274737131
1659512145.454555,28986.93458204712
1659512150.454555,41490.08581760303
1659512155.454555,41490.08581760303
1659512160.454555,40289.46845230495
1659512165.454555,39609.11453835467
1659512170.454555,41839.944717622435
1659512175.454555,58885.67451486933
1659512180.454555,68634.01785622812
1659512185.454555,97038.57911887889
1659512190.454555,141764.44312294258
1659512195.454555,190267.0407784843
1659512200.454555,265414.14741585427
1659512205.454555,265414.14741585427
1659512210.454555,23641.302367407745
1659512215.454555,22424.679765864395
1659512220.454555,34340.97406134764
1659512225.454555,0
1659512230.454555,0
1659512235.454555,0
1659512240.454555,0
1659512245.454555,0
1659512250.454555,0
1659512255.454555,0
1659512260.454555,0
1659512265.454555,0
1659512270.454555,0
1659512275.454555,0
1659512280.454555,0
1659512285.454555,0
1659512290.454555,0
1659512295.454555,0
1659512300.454555,0
1659512305.454555,0
1659512310.454555,0
1659512315.454555,0
1659512320.454555,0
1659512325.454555,0
1659512330.454555,0
1659512335.454555,0
1659512340.454555,0
1659512345.454555,0
1659512350.454555,0
1659512355.454555,0
1659512360.454555,0
1659512365.454555,0
1659512370.454555,0
1659512375.454555,0
1659512380.454555,0
1659512385.454555,0
1659512390.454555,0
1659512395.454555,0
1659512400.454555,0
1659512405.454555,0
1659512410.454555,0
1659512415.454555,0
1659512420.454555,0
1659512425.454555,0
1659512430.454555,0
1659512435.454555,0
1659512440.454555,0
1659512445.454555,0
1659512450.454555,0
1659512455.454555,0
1659512460.454555,0
1659512465.454555,0
1659512470.454555,0
1659512475.454555,0
1659512480.454555,0
1659512485.454555,0
1659512490.454555,0
1659512495.454555,0
1659512500.454555,0
1659512505.454555,0
1659512510.454555,0
1659512515.454555,0
1659512520.454555,0
1659512525.454555,0
1659512530.454555,0
1659512535.454555,0
1659512540.454555,0
1659512545.454555,0
1659512550.454555,0
1659512555.454555,0
1659512560.454555,0
1659512565.454555,0
1659512570.454555,0
1659512575.454555,0
1659512580.454555,0
1659512585.454555,0
1659512590.454555,0
1659512595.454555,0
1659512600.454555,0
1659512605.454555,0
1659512610.454555,0
1659512615.454555,0
1659512620.454555,0
1659512625.454555,0
1659512630.454555,0
1659512635.454555,0
1659512640.454555,0
1659512645.454555,0
1659512650.454555,0
1659512655.454555,0
1659512660.454555,0
1659512665.454555,0
1659512670.454555,0
1659512675.454555,0
1659512680.454555,0
1659512685.454555,0
1659512690.454555,0
1659512695.454555,0
1659512700.454555,0
1659512705.454555,0
1659512710.454555,0
1659512715.454555,0
1659512720.454555,0
1659512725.454555,0
1659512730.454555,0
1659512735.454555,0
1659512740.454555,0
1659512745.454555,0
1659512750.454555,0
1659512755.454555,0
1659512760.454555,0
1659512765.454555,0
1659512770.454555,0
1659512775.454555,0
1659512780.454555,0
1659512785.454555,0
1659512790.454555,0
1659512795.454555,0
1659512800.454555,0
1659512805.454555,0
1659512810.454555,0
1659512815.454555,0
1659512820.454555,0
1659512825.454555,0
1659512830.454555,0
1659512835.454555,0
1659512840.454555,0
1659512845.454555,0
1659512850.454555,0
1659512855.454555,0
1659512860.454555,0
1659512865.454555,0
1659512870.454555,0
1659512875.454555,0
1659512880.454555,0
1659512885.454555,0
1659512890.454555,0
1659512895.454555,0
1659512900.454555,0
1659512905.454555,0
1659512910.454555,0
1659512915.454555,0
1659512920.454555,0
1659512925.454555,0
1659512930.454555,0
1659512935.454555,0
1659512940.454555,0
1659512945.454555,0
1659512950.454555,0
1659512955.454555,0
1659512960.454555,0
1659512965.454555,0
1659512970.454555,0
1659512975.454555,0
1659512980.454555,0
1659512985.454555,0
1659512990.454555,0
1659512995.454555,0
1659513000.454555,0
1659513005.454555,0
1659513010.454555,0
1659513015.454555,0
1659513020.454555,0
1659513025.454555,0
1659513030.454555,0
1659513035.454555,0
1659513040.454555,0
1659513045.454555,0
1659513050.454555,0
1659513055.454555,0
1659513060.454555,0
1659513065.454555,0
1659513070.454555,0
1659513075.454555,0
1659513080.454555,0
1659513085.454555,0
1659513090.454555,0
1659513095.454555,0
1659513100.454555,0
1659513105.454555,0
1659513110.454555,0
1659513115.454555,0
1659513120.454555,0
1659513125.454555,0
1659513130.454555,0
1659513135.454555,0
1659513140.454555,0
1659513145.454555,0
1659513150.454555,0
1659513155.454555,0
1659513160.454555,0
1659513165.454555,0
1659513170.454555,0
1659513175.454555,0
1659513180.454555,0
1659513185.454555,0
1659513190.454555,0
1659513195.454555,0
1659513200.454555,0
1659513205.454555,0
1659513210.454555,0
1659513215.454555,0
1659513220.454555,0
1659513225.454555,0
1659513230.454555,0
1659513235.454555,0
1659513240.454555,0
1659513245.454555,0
1659513250.454555,0
1659513255.454555,0
1659513260.454555,0
1659513265.454555,0
1659513270.454555,0
1659513275.454555,0
1659513280.454555,0
1659513285.454555,0
1659513290.454555,0
1659513295.454555,0
1659513300.454555,0
1659513305.454555,0
1659513310.454555,0
1659513315.454555,0
1659513320.454555,0
1659513325.454555,0
1659513330.454555,0
1659513335.454555,0
1659513340.454555,0
1659513345.454555,0
1659513350.454555,0
1659513355.454555,0
1659513360.454555,0
1659513365.454555,6834
1659513370.454555,6834.045810677813
1659513375.454555,8400.317846812637
1659513380.454555,5310.302579848888
1659513385.454555,7106.968784091836
1659513390.454555,5643.568524412894
1659513395.454555,4683.57663673392
1659513400.454555,3933.2468936081113
1659513405.454555,3396.853859988645
1659513410.454555,3849.416963861513
1659513415.454555,3695.1961607922667
1659513420.454555,3518.109397257061
1659513425.454555,515.5538469829689
1659513430.454555,14253.64896809182
1659513435.454555,22042.60609182821
1659513440.454555,32643.585250892942
1659513445.454555,38999.66764193637
1659513450.454555,38999.66764193637
1659513455.454555,49467.50928660073
1659513460.454555,56385.73849335654
1659513465.454555,68984.76498076698
1659513470.454555,38014.094657367656
1659513475.454555,34340.6958785684
1659513480.454555,29964.43820381928
1659513485.454555,30342.78602409151
1659513490.454555,27875.93366158255
1659513495.454555,24294.552306598005
1659513500.454555,1331.8843532621195
1659513505.454555,79843.70218663833
1659513510.454555,101479.84038507237
1659513515.454555,146727.30743805176
1659513520.454555,203166.42812158767
1659513525.454555,158290.5306025796
1659513530.454555,124005.49211351092
1659513535.454555,17821.63899192912
1659513540.454555,24201.26317259963
1659513545.454555,25689.44391788791
1659513550.454555,21476.98922682088
1659513555.454555,6955.536648764573
1659513560.454555,16601.406006834535
1659513565.454555,13771.24880614334
1659513570.454555,17305.874789270954
1659513575.454555,22580.826464331083
1659513580.454555,19792.05701608696
1659513585.454555,27283.770585707625
1659513590.454555,22716.85854804412
1659513595.454555,31635.667948447157
1659513600.454555,34955.816737125424
1659513605.454555,35297.14318488854
1659513610.454555,33367.39746494618
1659513615.454555,29849.999686077368
1659513620.454555,28643.28599079969
1659513625.454555,14994.835733146183
1659513630.454555,17673.588527032654
1659513635.454555,20821.003575262177
1659513640.454555,30118.229106342624
1659513645.454555,45358.138055161646
1659513650.454555,43389.78480302172
1659513655.454555,45136.96198080489
1659513660.454555,47986.27164671391
1659513665.454555,44034.32428979801
1659513670.454555,36156.244911140915
1659513675.454555,5330.880158382555
1659513680.454555,-15818.657537655847
1659513685.454555,-45107.8578068653
1659513690.454555,-51225.85427150886
1659513695.454555,-65415.32403677246
1659513700.454555,-322465.0860895677
1659513705.454555,5981.252696942225
1659513710.454555,5981.252696942225
1659513715.454555,27186.611585762996
1659513720.454555,26909.98141793334
1659513725.454555,26909.98141793334
1659513730.454555,24507.26975733305
1659513735.454555,28739.340148024672
1659513740.454555,20448.81402684682
1659513745.454555,19598.809814202432
1659513750.454555,19598.809814202432
1659513755.454555,11178.893531286718
1659513760.454555,-22001.4892692638
1659513765.454555,-23268.79697445468
1659513770.454555,-14032.040171793327
1659513775.454555,-14642.570695584978
1659513780.454555,-14642.570695584978
1659513785.454555,18423.073426469473
1659513790.454555,11675.074291275054
1659513795.454555,20902.729524864626
1659513800.454555,10963.37608603099
1659513805.454555,24589.812693496562
1659513810.454555,24165.005321061926
1659513815.454555,30664.783159922074
1659513820.454555,5407.872527580141
1659513825.454555,26743.726558901573
1659513830.454555,26504.72680961254
1659513835.454555,17330.890519810993
1659513840.454555,14482.943923291845
1659513845.454555,22979.78289439451
1659513850.454555,13759.033837605035
1659513855.454555,20640.484365894197
1659513860.454555,19698.680079513502
1659513865.454555,20137.98023067341
1659513870.454555,17528.741954630364
1659513875.454555,24047.90418262931
1659513880.454555,16326.298443796108
1659513885.454555,14384.341111387415
1659513890.454555,29801.58530211413
1659513895.454555,29179.99736193036
1659513900.454555,33253.94141616641
1659513905.454555,-57379.68380990464
1659513910.454555,-160062.97293294396
1659513915.454555,-177462.67788067175
1659513920.454555,-586481.5874677133
1659513925.454555,-332661.94300755323
1659513930.454555,-473268.0692656253
1659513935.454555,24712.542050425018
1659513940.454555,21497.0780362388
1659513945.454555,26573.250547934706
1659513950.454555,29313.130002065824
1659513955.454555,35682.71428019264
1659513960.454555,35185.15169864721
1659513965.454555,37127.254752292334
1659513970.454555,22081.744937515155
1659513975.454555,18344.945952944174
1659513980.454555,32258.591552520003
1659513985.454555,26010.933874482496
1659513990.454555,29541.73419778465
1659513995.454555,43080.80352632259
1659514000.454555,35827.03720816332
1659514005.454555,36883.089856351275
1659514010.454555,33089.63423049716
1659514015.454555,25724.642629215537
1659514020.454555,36366.0743528221
1659514025.454555,35851.96873193025
1659514030.454555,21105.188673199627
1659514035.454555,25832.975880806604
1659514040.454555,29253.657438104095
1659514045.454555,35260.3540539966
1659514050.454555,17409.365571745275
1659514055.454555,20918.499051788538
1659514060.454555,37294.49589369443
1659514065.454555,40165.11216462574
1659514070.454555,28835.193465820354
1659514075.454555,11860.81042454445
1659514080.454555,27773.70888954808
1659514085.454555,19832.595793025666
1659514090.454555,20318.94120046503
1659514095.454555,24209.000115608666
1659514100.454555,21413.94677258002
1659514105.454555,26039.267804380896
1659514110.454555,21200.61906542653
1659514115.454555,10054.736146520378
1659514120.454555,16324.280467556315
1659514125.454555,22357.415725611776
1659514130.454555,31351.955239161856
1659514135.454555,27266.244448122656
1659514140.454555,21723.62570777788
1659514145.454555,14211.461023326829
1659514150.454555,20668.209159393256
1659514155.454555,14701.038668911533
1659514160.454555,12496.390842619148
1659514165.454555,12492.322242787173
1659514170.454555,27150.42880446987
1659514175.454555,22725.17711283622
1659514180.454555,33503.79467205884
1659514185.454555,30285.63749507914
1659514190.454555,53771.573903204786
1659514195.454555,57939.36388636657
1659514200.454555,48683.516591435706
1659514205.454555,52931.94366489741
1659514210.454555,59073.71210375766
1659514215.454555,23074.05722418557
1659514220.454555,28520.251008371066
1659514225.454555,38785.52613123767
1659514230.454555,31775.869255591337
1659514235.454555,29494.5559403268
1659514240.454555,36670.46571903642
1659514245.454555,35119.80643015095
1659514250.454555,36667.89979818383
1659514255.454555,35256.05892788975
1659514260.454555,35453.53056106067
1659514265.454555,61773.82952015361
1659514270.454555,37163.962083302424
1659514275.454555,49763.50425871323
1659514280.454555,52352.60344576387
1659514285.454555,49991.82830402041
1659514290.454555,44995.689385091566
1659514295.454555,23476.255397818866
1659514300.454555,23925.424107561983
1659514305.454555,29339.91779785179
1659514310.454555,26057.76032888871
1659514315.454555,28385.848983639164
1659514320.454555,24085.843989151632
1659514325.454555,16305.089081303322
1659514330.454555,17624.271030865413
1659514335.454555,26615.539189336116
1659514340.454555,15249.66442618454
1659514345.454555,23064.92554561374
1659514350.454555,13605.675467972393
1659514355.454555,8837.237414960857
1659514360.454555,10984.130342181288
1659514365.454555,9998.506527514102
1659514370.454555,14644.502006759318
1659514375.454555,12653.562775796512
1659514380.454555,16712.89546616342
1659514385.454555,12067.035774832513
1659514390.454555,25951.069463260417
1659514395.454555,7212.485625644178
1659514400.454555,15215.315850308973
1659514405.454555,13228.692432788139
1659514410.454555,21079.28514904239
1659514415.454555,18254.910991458815
1659514420.454555,6083.190648234075
1659514425.454555,20383.820773392858
1659514430.454555,17623.153163057825
1659514435.454555,17623.153163057825
1659514440.454555,380.53727052454815
1659514445.454555,29527.581186313513
1659514450.454555,12424.051124980027
1659514455.454555,19438.154137386235
1659514460.454555,23009.128102007107
1659514465.454555,22629.374343380878
1659514470.454555,25568.48483925794
1659514475.454555,22649.922109394378
1659514480.454555,25902.638224451417
1659514485.454555,25462.224300757505
1659514490.454555,35705.43719839221
1659514495.454555,28300.452086620764
1659514500.454555,25148.455689365743
1659514505.454555,37680.25024555347
1659514510.454555,36883.348900281955
1659514515.454555,32322.2831917176
1659514520.454555,32827.80387780061
1659514525.454555,28525.432276493077
1659514530.454555,17929.006432189875
1659514535.454555,15504.220749033528
1659514540.454555,14091.037082537576
1659514545.454555,14674.764601887702
1659514550.454555,11900.720992694376
1659514555.454555,21015.321532037673
1659514560.454555,25017.930510609352
1659514565.454555,21183.672373348498
1659514570.454555,28385.172481934533
1659514575.454555,19576.990112902466
1659514580.454555,22432.416455247127
1659514585.454555,28101.574971276616
1659514590.454555,24885.61444994282
1659514595.454555,22425.580493530633
1659514600.454555,23164.985404265906
1659514605.454555,35650.97733705686
1659514610.454555,29763.124549778593
1659514615.454555,43576.95232991561
1659514620.454555,51346.44105650663
1659514625.454555,59152.05172601714
1659514630.454555,71305.74822809541
1659514635.454555,68680.87962732502
1659514640.454555,55714.43645343689
1659514645.454555,26919.191537856495
1659514650.454555,30134.47121587389
1659514655.454555,28593.319311628096
1659514660.454555,26543.399782938868
1659514665.454555,25001.2526803826
1659514670.454555,25001.2526803826
1659514675.454555,46908.11736815068
1659514680.454555,19108.160437027327
1659514685.454555,0
1659514690.454555,0
1659514695.454555,0
1659514700.454555,0
1659514705.454555,0
1659514710.454555,0
1659514715.454555,0
1659514720.454555,0
1659514725.454555,0
1659514730.454555,10462.912853135029
1659514735.454555,21922.4411316916
1659514740.454555,22999.271681572274
1659514745.454555,22968.522391940474
1659514750.454555,26124.705443813178
1659514755.454555,29733.171187749474
1659514760.454555,34160.26755903607
1659514765.454555,19601.205302730097
1659514770.454555,28118.916221802356
1659514775.454555,28459.93532232176
1659514780.454555,21086.486615088346
1659514785.454555,-26747.58143623569
1659514790.454555,-10499.295041722027
1659514795.454555,-11268.872166180758
1659514800.454555,-57962.698331336986
1659514805.454555,-57962.698331336986
1659514810.454555,2355.1484178548344
1659514815.454555,13282.071290974663
1659514820.454555,11019.085474446445
1659514825.454555,28909.064851866584
1659514830.454555,27589.67893314604
1659514835.454555,21390.304853453315
1659514840.454555,24718.22515924577
1659514845.454555,12505.711348882238
1659514850.454555,3548.8917809728882
1659514855.454555,7557.6767615219
1659514860.454555,23083.446396682637
1659514865.454555,35161.173642618895
1659514870.454555,19586.227697195107
1659514875.454555,10998.956308444087
1659514880.454555,18113.64892588532
1659514885.454555,4053.026391340106
1659514890.454555,662
1659514895.454555,662
1659514900.454555,0
1659514905.454555,1844
1659514910.454555,1844
1659514915.454555,1844.0038745341517
1659514920.454555,1844.0038745341517
1659514925.454555,1844.0038745341517
1659514930.454555,419.9053645574031
1659514935.454555,5238.710174805434
1659514940.454555,5238.710174805434
1659514945.454555,4966.343096306706
1659514950.454555,4966.343096306706
1659514955.454555,4966.343096306706
1659514960.454555,1545.8537034063834
1659514965.454555,1490.9511785681493
1659514970.454555,2128.6992485424753
1659514975.454555,8468.136666213315
1659514980.454555,8468.136666213315
1659514985.454555,8468.136666213315
1659514990.454555,4517.778741537111
1659514995.454555,4407.004660961831
1659515000.454555,2479.1171206988693
1659515005.454555,1305.4006546443152
1659515010.454555,5462.5277952872275
1659515015.454555,5462.5277952872275
1659515020.454555,7950.787694165065
1659515025.454555,7366.454472642001
1659515030.454555,7366.454472642001
1659515035.454555,953.8923414545466
1659515040.454555,2367
1659515045.454555,2367
1659515050.454555,2367.0039383441945
1659515055.454555,2367.0039383441945
1659515060.454555,2367.0039383441945
1659515065.454555,1153
1659515070.454555,1153.0045756513514
1659515075.454555,1153.0045756513514
1659515080.454555,357
1659515085.454555,357
1659515090.454555,357
1659515095.454555,357
1659515100.454555,0
1659515105.454555,0
1659515110.454555,0
1659515115.454555,0
1659515120.454555,0
1659515125.454555,0
1659515130.454555,0
1659515135.454555,0
1659515140.454555,0
1659515145.454555,0
1659515150.454555,0
1659515155.454555,0
1659515160.454555,1157
1659515165.454555,1157
1659515170.454555,1157
1659515175.454555,1157
1659515180.454555,1157.0007801703387
1659515185.454555,1911.8341367859437
1659515190.454555,28635.750540788606
1659515195.454555,4369.5198246233995
1659515200.454555,2234.020279250757
1659515205.454555,12582.002253188015
1659515210.454555,14917.77947019254
1659515215.454555,18272.654243258785
1659515220.454555,-15443.914789897626
1659515225.454555,-15022.873035564651
1659515230.454555,-4374.3898926480715
1659515235.454555,-8328.19672698223
1659515240.454555,-11349.089775607905
1659515245.454555,-16002.463361221722
1659515250.454555,24048.52935143
1659515255.454555,24367.790719076027
1659515260.454555,40140.4958935772
1659515265.454555,49140.66431827245
1659515270.454555,49140.66431827245
1659515275.454555,45597.28355730434
1659515280.454555,47755.983812090635
1659515285.454555,47755.983812090635
1659515290.454555,35626.52076066853
1659515295.454555,33282.59835080471
1659515300.454555,32306.558859006203
1659515305.454555,30689.03376127335
1659515310.454555,39240.389036806344
1659515315.454555,36940.025539623355
1659515320.454555,41867.61362504943
1659515325.454555,45285.27230083137
1659515330.454555,18699.927201778406
1659515335.454555,18405.36092807622
1659515340.454555,15878.377796114723
1659515345.454555,11762.199299108917
1659515350.454555,13599.023642388862
1659515355.454555,12747.08986251192
1659515360.454555,65412.47005860922
1659515365.454555,51098.03767593082
1659515370.454555,51098.03767593082
1659515375.454555,42418.673758658006
1659515380.454555,41253.34287359227
1659515385.454555,28806.523664005566
1659515390.454555,18120.536481926218
1659515395.454555,9880.600724449443
1659515400.454555,10363.373892873673
1659515405.454555,5761.940647528761
1659515410.454555,34872.82679470451
1659515415.454555,29228.282193634106
1659515420.454555,26250.68220464146
1659515425.454555,24826.25956207164
1659515430.454555,64507.33529698716
1659515435.454555,64507.33529698716
1659515440.454555,92053.81399272496
1659515445.454555,97147.14947395917
1659515450.454555,101935.64915088011
1659515455.454555,103194.33676155569
1659515460.454555,11008.376378236622
1659515465.454555,2475.7505859520425
1659515470.454555,16362.789466538425
1659515475.454555,16149.161639287824
1659515480.454555,16596.774620383207
1659515485.454555,17974.52918245666
1659515490.454555,11559.115310205296
1659515495.454555,14789.206314095904
1659515500.454555,19936.51264581161
1659515505.454555,30889.404390922606
1659515510.454555,40534.55780845206
1659515515.454555,48479.939870803115
1659515520.454555,37901.878575016555
1659515525.454555,32339.79914746157
1659515530.454555,24489.06663059262
1659515535.454555,52471.68011159956
1659515540.454555,29458.363184157824
1659515545.454555,29458.363184157824
1659515550.454555,48387.34731901495
1659515555.454555,53251.0594242407
1659515560.454555,47342.42359605209
1659515565.454555,26917.029902120394
1659515570.454555,20945.136674959904
1659515575.454555,20945.136674959904
1659515580.454555,14077.338251474444
1659515585.454555,20875.07169233568
1659515590.454555,13961.576047089471
1659515595.454555,5772.99946996627
1659515600.454555,-1945.8401875735653
1659515605.454555,7940.44144592255
1659515610.454555,9868.909718828701
1659515615.454555,9868.909718828701
1659515620.454555,5218.918241739252
1659515625.454555,5218.918241739252
1659515630.454555,12322.44320819656
1659515635.454555,6514.280412958612
1659515640.454555,6250.143778129013
1659515645.454555,33031.126273907634
1659515650.454555,8184.629509502607
1659515655.454555,25593.461249927022
1659515660.454555,31577.899813001884
1659515665.454555,41224.690170152404
1659515670.454555,30397.71308838099
1659515675.454555,32446.804627351816
1659515680.454555,46101.493274592736
1659515685.454555,36355.12821854468
1659515690.454555,39177.273252438106
1659515695.454555,43488.00714543401
1659515700.454555,35337.26048053967
1659515705.454555,43012.48254301803
1659515710.454555,54360.151413425716
1659515715.454555,66306.46247004648
1659515720.454555,64309.361883796824
1659515725.454555,-34002.39174000855
1659515730.454555,13121.13909704864
1659515735.454555,13121.13909704864
1659515740.454555,12206.609150417093
1659515745.454555,14186.737912795987
1659515750.454555,12676.32768413801
1659515755.454555,15249.171455553915
1659515760.454555,24728.79780102401
1659515765.454555,24728.79780102401
1659515770.454555,25448.40748919823
1659515775.454555,40997.38891407492
1659515780.454555,41566.95641530568
1659515785.454555,36110.94700966308
1659515790.454555,32425.928820708963
1659515795.454555,44281.07350769338
1659515800.454555,74404.19027186115
1659515805.454555,76051.05621683082
1659515810.454555,72791.73413099442
1659515815.454555,52925.65367470903
1659515820.454555,32422.3992133315
1659515825.454555,22756.75902901632
1659515830.454555,9285.541563575622
1659515835.454555,10375.819925825548
1659515840.454555,-267.942715119525
1659515845.454555,11649.57932764107
1659515850.454555,32390.243500458393
1659515855.454555,30648.072206823796
1659515860.454555,34604.10332210184
1659515865.454555,38305.37614367315
1659515870.454555,39917.48289606634
1659515875.454555,31150.661532813618
1659515880.454555,38974.392983956466
1659515885.454555,33996.76351992256
1659515890.454555,40888.58785966769
1659515895.454555,43728.48390599217
1659515900.454555,32209.766186624922
1659515905.454555,32835.06443946498
1659515910.454555,35622.59251071047
1659515915.454555,33529.0716164807
1659515920.454555,29018.97799032265
1659515925.454555,27177.720451865767
1659515930.454555,35033.26474021341
1659515935.454555,29330.634245434412
1659515940.454555,17655.000896034144
1659515945.454555,15422.145111446538
1659515950.454555,10349.007418035264
1659515955.454555,14504.769972366157
1659515960.454555,7377.557920628704
1659515965.454555,26057.825385240594
1659515970.454555,16584.379348238435
1659515975.454555,16584.379348238435
1659515980.454555,24575.626580369666
1659515985.454555,46372.33568360019
1659515990.454555,30172.396297056537
1659515995.454555,28566.073782438623
1659516000.454555,34995.117939444295
1659516005.454555,40534.212780654816
1659516010.454555,40746.64757811102
1659516015.454555,45749.83403943169
1659516020.454555,51708.26500951225
1659516025.454555,44668.1842958087
1659516030.454555,43540.06339519273
1659516035.454555,24380.846963439246
1659516040.454555,31889.38880537787
1659516045.454555,-435396.49927134137
1659516050.454555,-435656.2072457555
1659516055.454555,-953965.1787041647
1659516060.454555,-1925141.7917402592
1659516065.454555,-1900347.3258332363
1659516070.454555,1250830.499990704
1659516075.454555,34682.972979975864
1659516080.454555,33093.96899873411
1659516085.454555,33423.3251662024
1659516090.454555,24343.28659741675
1659516095.454555,30421.770985685787
1659516100.454555,25022.2464902738
1659516105.454555,34051.82094637181
1659516110.454555,31186.44042017374
1659516115.454555,43899.088318282076
1659516120.454555,43965.77953695954
1659516125.454555,45322.64767257492
1659516130.454555,40427.66973296874
1659516135.454555,37936.7356108833
1659516140.454555,0
1659516145.454555,0
1659516150.454555,0
1659516155.454555,0
1659516160.454555,0
1659516165.454555,0
1659516170.454555,0
1659516175.454555,0
1659516180.454555,0
1659516185.454555,0
1659516190.454555,0
1659516195.454555,0
1659516200.454555,0
1659516205.454555,0
1659516210.454555,0
1659516215.454555,0
1659516220.454555,0
1659516225.454555,0
1659516230.454555,0
1659516235.454555,0
1659516240.454555,0
1659516245.454555,0
1659516250.454555,0
1659516255.454555,0
1659516260.454555,0
1659516265.454555,0
1659516270.454555,0
1659516275.454555,0
1659516280.454555,0
1659516285.454555,0
1659516290.454555,0
1659516295.454555,0
1659516300.454555,0
1659516305.454555,0
1659516310.454555,0
1659516315.454555,0
1659516320.454555,0
1659516325.454555,0
1659516330.454555,0
1659516335.454555,0
1659516340.454555,0
1659516345.454555,0
1659516350.454555,0
1659516355.454555,0
1659516360.454555,0
1659516365.454555,0
1659516370.454555,0
1659516375.454555,0
1659516380.454555,0
1659516385.454555,0
1659516390.454555,0
1659516395.454555,0
1659516400.454555,0
1659516405.454555,0
1659516410.454555,0
1659516415.454555,0
1659516420.454555,0
1659516425.454555,0
1659516430.454555,0
1659516435.454555,0
1659516440.454555,0
1659516445.454555,0
1659516450.454555,0
1659516455.454555,0
1659516460.454555,0
1659516465.454555,0
1659516470.454555,0
1659516475.454555,0
1659516480.454555,0
1659516485.454555,0
1659516490.454555,0
1659516495.454555,0
1659516500.454555,0
1659516505.454555,0
1659516510.454555,0
1659516515.454555,0
1659516520.454555,0
1659516525.454555,0
1659516530.454555,0
1659516535.454555,0
1659516540.454555,0
1659516545.454555,0
1659516550.454555,0
1659516555.454555,0
1659516560.454555,0
1659516565.454555,0
1659516570.454555,0
1659516575.454555,0
1659516580.454555,0
1659516585.454555,0
1659516590.454555,0
1659516595.454555,0
1659516600.454555,0
1659516605.454555,0
1659516610.454555,0
1659516615.454555,0
1659516620.454555,0
1659516625.454555,0
1659516630.454555,0
1659516635.454555,0
1659516640.454555,0
1659516645.454555,0
1659516650.454555,0
1659516655.454555,0
1659516660.454555,0
1659516665.454555,0
1659516670.454555,0
1659516675.454555,0
1659516680.454555,0
1659516685.454555,0
1659516690.454555,0
1659516695.454555,0
1659516700.454555,0
1659516705.454555,0
1659516710.454555,0
1659516715.454555,0
1659516720.454555,0
1659516725.454555,0
1659516730.454555,0
1659516735.454555,0
1659516740.454555,0
1659516745.454555,0
1659516750.454555,0
1659516755.454555,0
1659516760.454555,0
1659516765.454555,0
1659516770.454555,0
1659516775.454555,0
1659516780.454555,0
1659516785.454555,0
1659516790.454555,0
1659516795.454555,0
1659516800.454555,0
1659516805.454555,0
1659516810.454555,0
1659516815.454555,0
1659516820.454555,0
1659516825.454555,0
1659516830.454555,0
1659516835.454555,0
1659516840.454555,0
1659516845.454555,0
1659516850.454555,0
1659516855.454555,0
1659516860.454555,0
1659516865.454555,0
1659516870.454555,0
1659516875.454555,0
1659516880.454555,0
1659516885.454555,0
1659516890.454555,0
1659516895.454555,0
1659516900.454555,0
1659516905.454555,0
1659516910.454555,0
1659516915.454555,0
1659516920.454555,0
1659516925.454555,0
1659516930.454555,0
1659516935.454555,0
1659516940.454555,0
1659516945.454555,0
1659516950.454555,0
1659516955.454555,0
1659516960.454555,0
1659516965.454555,0
1659516970.454555,0
1659516975.454555,0
1659516980.454555,0
1659516985.454555,0
1659516990.454555,0
1659516995.454555,0
1659517000.454555,0
1659517005.454555,0
1659517010.454555,0
1659517015.454555,0
1659517020.454555,0
1659517025.454555,0
1659517030.454555,0
1659517035.454555,59259.49799326637
1659517040.454555,47738.62025020669
1659517045.454555,37821.43801319889
1659517050.454555,47116.953936150094
1659517055.454555,27570.02127815067
1659517060.454555,62290.00928667036
1659517065.454555,37310.11805849433
1659517070.454555,33990.977000799845
1659517075.454555,38971.0220775996
1659517080.454555,44535.702165215196
1659517085.454555,53674.9431815944
1659517090.454555,54598.98407894806
1659517095.454555,50698.824296294544
1659517100.454555,41951.031029623315
1659517105.454555,43313.277552663756
1659517110.454555,46329.37848951157
1659517115.454555,28801.700212715186
1659517120.454555,24287.980038175447
1659517125.454555,25698.046389952236
1659517130.454555,26523.921362137655
1659517135.454555,25567.94159948191
1659517140.454555,25649.316859085084
1659517145.454555,25966.74202798567
1659517150.454555,41903.493996976234
1659517155.454555,40336.01164063711
1659517160.454555,42453.865702132694
1659517165.454555,33686.99326452471
1659517170.454555,43642.72495083728
1659517175.454555,31625.430307869843
1659517180.454555,26822.902328611657
1659517185.454555,29236.79681604047
1659517190.454555,30355.15029876394
1659517195.454555,29946.71914139836
1659517200.454555,19878.95655810037
1659517205.454555,15818.523479174852
1659517210.454555,15977.899687414363
1659517215.454555,4571.423704030734
1659517220.454555,-16951.342165610527
1659517225.454555,-8604.33251348315
1659517230.454555,12308.242918696573
1659517235.454555,32258.091069096357
1659517240.454555,108521.0327991386
1659517245.454555,39632.363234495046
1659517250.454555,41932.59957290107
1659517255.454555,33070.00274884243
1659517260.454555,32033.26281742248
1659517265.454555,23444.69491156972
1659517270.454555,21478.77050398849
1659517275.454555,-10695.231541970228
1659517280.454555,-9421.597429160189
1659517285.454555,-4128.664439072974
1659517290.454555,-4128.664439072974
1659517295.454555,-59694.04922542667
1659517300.454555,-54991.352439945156
1659517305.454555,-19691.57607077864
1659517310.454555,25587.48862970497
1659517315.454555,26137.37934279297
1659517320.454555,25926.50087645163
1659517325.454555,49075.67105540769
1659517330.454555,46384.99842891267
1659517335.454555,53927.04740370669
1659517340.454555,33018.99927997499
1659517345.454555,16261.061013955692
1659517350.454555,15273.251495380417
1659517355.454555,-11654.506466363184
1659517360.454555,-33375.11766706608
1659517365.454555,58971.90865081738
1659517370.454555,58971.90865081738
1659517375.454555,258283.23338013884
1659517380.454555,429628.7957999734
1659517385.454555,389198.04447757103
1659517390.454555,226524.90609477632
1659517395.454555,32904.97110890853
1659517400.454555,32904.97110890853
1659517405.454555,54420.45377965568
1659517410.454555,46946.95022844202
1659517415.454555,28604.567949808275
1659517420.454555,34343.296835083995
1659517425.454555,0
1659517430.454555,0
1659517435.454555,0
1659517440.454555,0
1659517445.454555,0
1659517450.454555,0
1659517455.454555,0
1659517460.454555,0
1659517465.454555,0
1659517470.454555,0
1659517475.454555,0
1659517480.454555,0
1659517485.454555,0
1659517490.454555,0
1659517495.454555,0
1659517500.454555,0
1659517505.454555,0
1659517510.454555,0
1659517515.454555,0
1659517520.454555,0
1659517525.454555,0
1659517530.454555,0
1659517535.454555,0
1659517540.454555,0
1659517545.454555,0
1659517550.454555,0
1659517555.454555,66219.99784948079
1659517560.454555,54264.649304392304
1659517565.454555,51368.83036898897
1659517570.454555,42542.98735470612
1659517575.454555,44883.80792131288
1659517580.454555,44177.98908737654
1659517585.454555,35757.841892287615
1659517590.454555,34151.64252542623
1659517595.454555,33927.971370012994
1659517600.454555,36063.668132423394
1659517605.454555,42013.419357101666
1659517610.454555,120640.97850594559
1659517615.454555,125413.40283436379
1659517620.454555,125413.40283436379
1659517625.454555,8697.393091698636
1659517630.454555,103024.59773726236
1659517635.454555,101026.66686517977
1659517640.454555,29397.329361516688
1659517645.454555,34602.52655936918
1659517650.454555,35401.575633978835
1659517655.454555,32298.01855218818
1659517660.454555,41927.010214327274
1659517665.454555,31852.824845132043
1659517670.454555,31692.323114238556
1659517675.454555,21412.132414552172
1659517680.454555,36705.69815352495
1659517685.454555,34601.376052394655
1659517690.454555,34727.58710907171
1659517695.454555,33207.30792953856
1659517700.454555,22088.031909050525
1659517705.454555,28958.467679853686
1659517710.454555,11269.29593924309
1659517715.454555,36866.56218684757
1659517720.454555,36866.56218684757
1659517725.454555,42759.42517512304
1659517730.454555,48943.371764478245
1659517735.454555,41929.00894659674
1659517740.454555,57516.539142980844
1659517745.454555,45487.30799446781
1659517750.454555,49862.69463086872
1659517755.454555,30778.263306450084
1659517760.454555,58334.409841045446
1659517765.454555,53427.63367865505
1659517770.454555,54217.21992214179
1659517775.454555,48398.655056690135
1659517780.454555,47185.66995121547
1659517785.454555,45423.50499170025
1659517790.454555,44548.55138943236
1659517795.454555,42333.162526054686
1659517800.454555,42333.162526054686
1659517805.454555,29568.718928500886
1659517810.454555,0
1659517815.454555,0
1659517820.454555,0
1659517825.454555,0
1659517830.454555,0
1659517835.454555,56489.87971252508
1659517840.454555,45872.43516594472
1659517845.454555,45872.43516594472
1659517850.454555,38827.88777920722
1659517855.454555,39757.51333407576
1659517860.454555,58328.688857105364
1659517865.454555,38900.958546948794
1659517870.454555,14483.347386554691
1659517875.454555,23312.159866981106
1659517880.454555,-8855.315597267216
1659517885.454555,-29221.32151923399
1659517890.454555,12872.783600105846
1659517895.454555,14639.009963973716
1659517900.454555,17743.568443028737
1659517905.454555,44000.45628977131
1659517910.454555,41726.44342036085
1659517915.454555,37214.86203168229
1659517920.454555,42082.499861488526
1659517925.454555,43853.50524656404
1659517930.454555,21081.09971492491
1659517935.454555,19045.763412994864
1659517940.454555,16225.07194733369
1659517945.454555,-229.19843530573053
1659517950.454555,-10271.490147023738
1659517955.454555,28830.603971898414
1659517960.454555,109363.21023751805
1659517965.454555,139321.18636945955
1659517970.454555,116381.49236132359
1659517975.454555,137894.80161239437
1659517980.454555,163008.36856845696
1659517985.454555,102347.03168054926
1659517990.454555,152726.52378381687
1659517995.454555,46405.41885235282
1659518000.454555,55179.34462816475
1659518005.454555,47980.273157888805
1659518010.454555,42269.37000836251
1659518015.454555,45051.18232361281
1659518020.454555,52820.541767082424
1659518025.454555,19655.99791486307
1659518030.454555,4261.553507139131
1659518035.454555,3825.977070234588
1659518040.454555,-47346.398612027595
1659518045.454555,-10723.417943493378
1659518050.454555,-1828.0942658297045
1659518055.454555,31850.698470902767
1659518060.454555,47856.70616927903
1659518065.454555,48896.25355295974
1659518070.454555,51853.33982686051
1659518075.454555,36180.83908996563
1659518080.454555,56533.124244024686
1659518085.454555,48963.231101454665
1659518090.454555,120875.63367499894
1659518095.454555,47571.67321123734
1659518100.454555,69617.16898071734
1659518105.454555,95249.08554213058
1659518110.454555,72005.74780681355
1659518115.454555,70289.2142064668
1659518120.454555,17718.700176329796
1659518125.454555,9513.648586270952
1659518130.454555,6179.774135405867
1659518135.454555,3761.9795454562973
1659518140.454555,2709.0565527612202
1659518145.454555,1225
1659518150.454555,1224.9955845803713
1659518155.454555,1514
1659518160.454555,1514
1659518165.454555,1983.1465407184187
1659518170.454555,49909.44043402409
1659518175.454555,36671.34450785937
1659518180.454555,35209.59912772474
1659518185.454555,33007.3952918244
1659518190.454555,33616.34449275598
1659518195.454555,36389.97475058198
1659518200.454555,47484.69870117187
1659518205.454555,41768.70012487202
1659518210.454555,42396.02455633046
1659518215.454555,37083.747815624716
1659518220.454555,33328.25009486388
1659518225.454555,48361.55409118977
1659518230.454555,38498.64687839128
1659518235.454555,37552.14700942001
1659518240.454555,30803.754313905567
1659518245.454555,36668.48782374507
1659518250.454555,34678.07346766344
1659518255.454555,38056.54262230983
1659518260.454555,45544.008285735996
1659518265.454555,30095.036483153977
1659518270.454555,55187.27341926204
1659518275.454555,44899.01694991466
1659518280.454555,51184.29861793733
1659518285.454555,45454.55300050058
1659518290.454555,47539.95616429673
1659518295.454555,52587.663262169546
1659518300.454555,37434.590355293076
1659518305.454555,22911.198514524065
1659518310.454555,20651.22615151194
1659518315.454555,19539.815122952044
1659518320.454555,21699.16010407308
1659518325.454555,21699.16010407308
1659518330.454555,29566.491328199343
1659518335.454555,41314.04709752514
1659518340.454555,39647.579853628384
1659518345.454555,53488.78347526907
1659518350.454555,40873.35532520176
1659518355.454555,37854.04876742705
1659518360.454555,32718.221797789534
1659518365.454555,34430.670736804765
1659518370.454555,25561.030239651842
1659518375.454555,24242.994192706694
1659518380.454555,25394.512104227768
1659518385.454555,28883.439422605825
1659518390.454555,34433.814287263274
1659518395.454555,30508.3388161031
1659518400.454555,28274.56540921887
1659518405.454555,31500.12069749544
1659518410.454555,26501.927002176766
1659518415.454555,41696.69301003376
1659518420.454555,33520.720838811976
1659518425.454555,26377.747629121288
1659518430.454555,49049.71303871279
1659518435.454555,41937.57015714006
1659518440.454555,39617.764359594876
1659518445.454555,39617.764359594876
1659518450.454555,25321.576634397672
1659518455.454555,0
1659518460.454555,0
1659518465.454555,0
1659518470.454555,0
1659518475.454555,0
1659518480.454555,0
1659518485.454555,145611.87148022148
1659518490.454555,97771.36427823288
1659518495.454555,72358.75461426997
1659518500.454555,57800.68819433742
1659518505.454555,50871.541499215564
1659518510.454555,49446.69834907101
1659518515.454555,27746.65408713829
1659518520.454555,-4778.741961196041
1659518525.454555,7904.658606653044
1659518530.454555,11996.04637495973
1659518535.454555,9357.82116617072
1659518540.454555,8623.981186996261
1659518545.454555,38878.40200421217
1659518550.454555,28474.568322136212
1659518555.454555,36152.329092177
1659518560.454555,54300.239125052016
1659518565.454555,54107.31348075877
1659518570.454555,44381.23025068489
1659518575.454555,51519.94495575167
1659518580.454555,47770.720322188434
1659518585.454555,30738.08461569011
1659518590.454555,35742.30353824368
1659518595.454555,26150.195238632226
1659518600.454555,27973.60980523823
1659518605.454555,23426.603445234472
1659518610.454555,23646.3155543393
1659518615.454555,20866.175803132322
