1664182352.287467,39954.25688903546
1664182357.287467,30018.54814044216
1664182362.287467,41126.95866798147
1664182367.287467,29897.928217965615
1664182372.287467,29897.928217965615
1664182377.287467,23886.008287227098
1664182382.287467,22676.682046361406
1664182387.287467,16481.36363618957
1664182392.287467,22948.616511403357
1664182397.287467,24419.79320359399
1664182402.287467,18112.517216468226
1664182407.287467,16493.315353255235
1664182412.287467,12820.423213136579
1664182417.287467,6296.708141262065
1664182422.287467,18254.42418731725
1664182427.287467,18254.42418731725
1664182432.287467,9432.324392890245
1664182437.287467,9432.324392890245
1664182442.287467,5217.888802112558
1664182447.287467,4347.780902681456
1664182452.287467,9884.584629758994
1664182457.287467,9884.584629758994
1664182462.287467,36413.22708786789
1664182467.287467,-9832.67099274079
1664182472.287467,32074.702688394667
1664182477.287467,13606.6259267026
1664182482.287467,15015.928969621425
1664182487.287467,46212.15691363896
1664182492.287467,15576.767425800626
1664182497.287467,33414.22582840032
1664182502.287467,26749.801084258266
1664182507.287467,40166.17422793271
1664182512.287467,37883.16851203688
1664182517.287467,25521.06334488987
1664182522.287467,31684.666432669066
1664182527.287467,27109.173994769713
1664182532.287467,19255.0594955082
1664182537.287467,25593.0339417941
1664182542.287467,31697.973870389902
1664182547.287467,38382.89513428394
1664182552.287467,27697.320441996002
1664182557.287467,23155.168935920276
1664182562.287467,11696.338440047064
1664182567.287467,-4972.384799337404
1664182572.287467,-23604.812116830853
1664182577.287467,-26270.444485970995
1664182582.287467,24069.982233890798
1664182587.287467,24001.08075074707
1664182592.287467,17359.844638724695
1664182597.287467,21337.739883483257
1664182602.287467,32242.741434069732
1664182607.287467,15443.122650527377
1664182612.287467,17544.514104285365
1664182617.287467,31408.52713756627
1664182622.287467,24003.849032828934
1664182627.287467,29555.254931563806
1664182632.287467,32989.25968707082
1664182637.287467,25999.03563007161
1664182642.287467,19125.79271367278
1664182647.287467,8033.120477265569
1664182652.287467,30157.534586255293
1664182657.287467,18321.794645846214
1664182662.287467,26507.269542955546
1664182667.287467,33410.76870974392
1664182672.287467,41106.75784763784
1664182677.287467,41106.75784763784
1664182682.287467,32406.49061550067
1664182687.287467,18084.563792237783
1664182692.287467,23438.45641618583
1664182697.287467,17826.81153672634
1664182702.287467,24163.36467357858
1664182707.287467,23240.026877826196
1664182712.287467,20911.77439215097
1664182717.287467,23292.615379161485
1664182722.287467,21546.205784562764
1664182727.287467,17233.353916932465
1664182732.287467,18973.925724780238
1664182737.287467,28677.58758182818
1664182742.287467,32564.675426843984
1664182747.287467,26886.706902191618
1664182752.287467,26384.221034880804
1664182757.287467,28068.91068147513
1664182762.287467,27878.909626587243
1664182767.287467,15901.328493305722
1664182772.287467,12508.417875821839
1664182777.287467,20464.7149621332
1664182782.287467,26260.067442394535
1664182787.287467,21342.767208510064
1664182792.287467,29815.25920939223
1664182797.287467,27148.144439969165
1664182802.287467,25918.12396183444
1664182807.287467,27671.78600926884
1664182812.287467,17203.120707318238
1664182817.287467,27306.67933176075
1664182822.287467,19846.61506909808
1664182827.287467,26134.38448206465
1664182832.287467,39021.638700558484
1664182837.287467,1983.6471199448479
1664182842.287467,-2040.5266486663186
1664182847.287467,-1305.0233909974595
1664182852.287467,1585.1976257139195
1664182857.287467,5051.520052108321
1664182862.287467,39865.330270031336
1664182867.287467,54744.18848730179
1664182872.287467,53688.34171535244
1664182877.287467,28211.661088396268
1664182882.287467,24243.509433959538
1664182887.287467,27529.122675236682
1664182892.287467,33566.75684139563
1664182897.287467,13418.27216864239
1664182902.287467,33427.881095194636
1664182907.287467,28950.112284824958
1664182912.287467,24598.38372934095
1664182917.287467,24393.248110119264
1664182922.287467,27173.284426185033
1664182927.287467,14692.121929378498
1664182932.287467,-592.2601329187455
1664182937.287467,30319.146716780695
1664182942.287467,29682.76392450322
1664182947.287467,34356.36288692182
1664182952.287467,26868.193523798585
1664182957.287467,34919.52076015092
1664182962.287467,43527.25554989918
1664182967.287467,35045.04294316106
1664182972.287467,28308.228617754376
1664182977.287467,14319.991922262821
1664182982.287467,15535.684814538712
1664182987.287467,14249.590315235639
1664182992.287467,5910.571439614303
1664182997.287467,9185.633862193146
1664183002.287467,1367.4988230798763
1664183007.287467,5166.901862791563
1664183012.287467,-710.579981103423
1664183017.287467,7458.528585718548
1664183022.287467,9098.846394927397
1664183027.287467,6581.085989051222
1664183032.287467,4222.9825113268635
1664183037.287467,4222.9825113268635
1664183042.287467,3684.5621954102135
1664183047.287467,4010.101770308609
1664183052.287467,3214.073232123338
1664183057.287467,4778.00850624695
1664183062.287467,14431.657060785737
1664183067.287467,10907.743970185267
1664183072.287467,25624.76874992133
1664183077.287467,30562.206826753027
1664183082.287467,30562.206826753027
1664183087.287467,24556.798121401163
1664183092.287467,25953.83528550674
1664183097.287467,44115.277331785575
1664183102.287467,31796.1550308193
1664183107.287467,29265.092416732736
1664183112.287467,36567.87991716145
1664183117.287467,24646.02359565481
1664183122.287467,33588.333046304855
1664183127.287467,30782.160909284226
1664183132.287467,30407.320926627523
1664183137.287467,21787.94610233752
1664183142.287467,29740.565506201594
1664183147.287467,33535.24262467096
1664183152.287467,12896.592563195358
1664183157.287467,27961.243712385316
1664183162.287467,28636.923842094162
1664183167.287467,29085.545611322123
1664183172.287467,31404.454096306083
1664183177.287467,25557.61679121555
1664183182.287467,20649.904842365613
1664183187.287467,26652.13473940156
1664183192.287467,28222.186472711124
1664183197.287467,12476.68139192521
1664183202.287467,26413.21669283091
1664183207.287467,35095.548702561886
1664183212.287467,29160.838767590387
1664183217.287467,27424.985839097186
1664183222.287467,28553.67030275403
1664183227.287467,20593.069464070843
1664183232.287467,29616.636323074883
1664183237.287467,20254.006028418167
1664183242.287467,27704.81411576174
1664183247.287467,25337.10778550551
1664183252.287467,23711.802284288427
1664183257.287467,31891.12264090807
1664183262.287467,22154.009670858904
1664183267.287467,26838.980937998538
1664183272.287467,26715.315908071738
1664183277.287467,30113.9212845659
1664183282.287467,20571.45321091923
1664183287.287467,23747.73844590626
1664183292.287467,29220.356555003986
1664183297.287467,26287.22479393453
1664183302.287467,25068.855162083993
1664183307.287467,32628.119359912536
1664183312.287467,21103.945685957122
1664183317.287467,36872.9678610036
1664183322.287467,38133.815006982455
1664183327.287467,41990.449195173256
1664183332.287467,36427.61090502834
1664183337.287467,32149.478646450854
1664183342.287467,33872.47708796423
1664183347.287467,29575.292389588307
1664183352.287467,26882.116806419588
1664183357.287467,21724.32793106164
1664183362.287467,25553.236471136614
1664183367.287467,20103.70187054126
1664183372.287467,8342.714801164842
1664183377.287467,38870.13528363561
1664183382.287467,38870.13528363561
1664183387.287467,30771.06909015982
1664183392.287467,31979.346988593614
1664183397.287467,21543.173429639573
1664183402.287467,28843.857454420213
1664183407.287467,17154.913078088583
1664183412.287467,30348.16773894877
1664183417.287467,17870.495110086267
1664183422.287467,28045.06397859118
1664183427.287467,25702.782885146713
1664183432.287467,187743.44534381956
1664183437.287467,144798.48870871105
1664183442.287467,155970.83460243413
1664183447.287467,315852.36080949055
1664183452.287467,435931.7286206565
1664183457.287467,469263.12564246834
1664183462.287467,36307.48131412615
1664183467.287467,37465.47741980424
1664183472.287467,33141.29468625885
1664183477.287467,33641.400985961765
1664183482.287467,45142.46860103511
1664183487.287467,34140.746455004264
1664183492.287467,39748.5931271641
1664183497.287467,37203.57617235316
1664183502.287467,32873.69733825955
1664183507.287467,28641.68474696663
1664183512.287467,36289.48749632256
1664183517.287467,35966.80478744907
1664183522.287467,36767.28213933135
1664183527.287467,38776.58595314288
1664183532.287467,40898.74386023705
1664183537.287467,42537.967345814526
1664183542.287467,44970.425419754865
1664183547.287467,25687.821047972226
1664183552.287467,40976.41265806891
1664183557.287467,48183.06342244
1664183562.287467,42954.54881699278
1664183567.287467,29545.95914755637
1664183572.287467,19144.453330458608
1664183577.287467,16836.54889139156
1664183582.287467,20673.93109184084
1664183587.287467,20673.93109184084
1664183592.287467,17187.07528995159
1664183597.287467,20963.60505127741
1664183602.287467,26600.308427371325
1664183607.287467,20861.93353738802
1664183612.287467,14539.241450989157
1664183617.287467,18842.820774172775
1664183622.287467,18156.34902746628
1664183627.287467,20711.781581498715
1664183632.287467,16112.035705990362
1664183637.287467,23295.969059206695
1664183642.287467,27774.054808422166
1664183647.287467,18152.380739223612
1664183652.287467,16133.556282275762
1664183657.287467,7489.234395864914
1664183662.287467,35830.85342281087
1664183667.287467,24113.776031833433
1664183672.287467,20813.131320837027
1664183677.287467,23262.073055491892
1664183682.287467,31107.73756471012
1664183687.287467,19791.264165838384
1664183692.287467,20541.651812927426
1664183697.287467,12554.830393207521
1664183702.287467,19528.252344092998
1664183707.287467,29838.699357711677
1664183712.287467,28181.197869153246
1664183717.287467,20577.264346840217
1664183722.287467,17199.156998224105
1664183727.287467,8335.442938529506
1664183732.287467,15813.4103448694
1664183737.287467,14382.4943511276
1664183742.287467,15063.203615168135
1664183747.287467,19570.267896966143
1664183752.287467,20179.11864769229
1664183757.287467,22101.943725284615
1664183762.287467,23791.275842970284
1664183767.287467,30569.282083734477
1664183772.287467,25674.42533742654
1664183777.287467,38713.236586883475
1664183782.287467,27525.803009435076
1664183787.287467,32679.160176483965
1664183792.287467,24272.52021852852
1664183797.287467,28829.86085756783
1664183802.287467,26410.20303306773
1664183807.287467,25713.439752762857
1664183812.287467,33194.027330546
1664183817.287467,36002.641089918376
1664183822.287467,37741.06705988369
1664183827.287467,20821.309622629604
1664183832.287467,31234.105729337294
1664183837.287467,33624.839508754114
1664183842.287467,35503.2980693466
1664183847.287467,48347.9147759534
1664183852.287467,43720.598850104
1664183857.287467,22790.789343957917
1664183862.287467,32832.70720530699
1664183867.287467,20982.29898558033
1664183872.287467,35771.92885431426
1664183877.287467,28886.389013398875
1664183882.287467,40879.290288168915
1664183887.287467,32212.166367534246
1664183892.287467,41110.894022907014
1664183897.287467,28223.077666229343
1664183902.287467,23720.87469756809
1664183907.287467,33952.32300940501
1664183912.287467,32372.923126824946
1664183917.287467,30731.614473841
1664183922.287467,29801.180655593576
1664183927.287467,31050.711060070837
1664183932.287467,27095.989506447848
1664183937.287467,17769.88357265094
1664183942.287467,37427.64815831541
1664183947.287467,39401.085768955825
1664183952.287467,10178.68794900037
1664183957.287467,11992.39617453625
1664183962.287467,30051.618090639437
1664183967.287467,31270.85419304119
1664183972.287467,37258.590276012605
1664183977.287467,15300.193732597952
1664183982.287467,26678.023017331998
1664183987.287467,19683.151673191984
1664183992.287467,20812.373073260394
1664183997.287467,22717.059443267586
1664184002.287467,5217.625912349116
1664184007.287467,18572.97953866703
1664184012.287467,18555.013739471677
1664184017.287467,11141.570472009656
1664184022.287467,10455.978423510713
1664184027.287467,13278.350550474972
1664184032.287467,9448.395286304798
1664184037.287467,32110.9831201704
1664184042.287467,12302.387801018105
1664184047.287467,40088.78067643848
1664184052.287467,28323.542202049575
1664184057.287467,34973.75765457049
1664184062.287467,44253.58636139274
1664184067.287467,22141.9772670993
1664184072.287467,30420.410884019904
1664184077.287467,23678.88089323874
1664184082.287467,14816.81655866402
1664184087.287467,22742.984054691253
1664184092.287467,32421.985329408624
1664184097.287467,16125.937917913498
1664184102.287467,31771.34963574482
1664184107.287467,32154.036175301084
1664184112.287467,44254.688427278
1664184117.287467,24818.377694728064
1664184122.287467,18185.241612708272
1664184127.287467,13340.965782276073
1664184132.287467,10246.33207979617
1664184137.287467,6322.507238339216
1664184142.287467,18983.357713416524
1664184147.287467,14330.455501894681
1664184152.287467,20665.340121236724
1664184157.287467,25471.63041977774
1664184162.287467,20547.05309375431
1664184167.287467,17849.723865057676
1664184172.287467,9590.25702980077
1664184177.287467,7014.82605693219
1664184182.287467,23765.241189461987
1664184187.287467,17457.121935160823
1664184192.287467,20397.620961522833
1664184197.287467,12423.97212173918
1664184202.287467,17035.318457721653
1664184207.287467,11638.423500421537
1664184212.287467,11188.879547982382
1664184217.287467,7227.879744197795
1664184222.287467,11517.012528004601
1664184227.287467,4430.911928940617
1664184232.287467,32793.887734796364
1664184237.287467,11438.268153549065
1664184242.287467,13494.922713643738
1664184247.287467,13680.542124270749
1664184252.287467,10476.338076723376
1664184257.287467,37220.714597376005
1664184262.287467,15438.082336564097
1664184267.287467,13463.726387010822
1664184272.287467,13643.71931839756
1664184277.287467,35313.37179945949
1664184282.287467,12452.410624108317
1664184287.287467,20712.461125028854
1664184292.287467,22834.39817150709
1664184297.287467,27935.58579789076
1664184302.287467,30483.348969552168
1664184307.287467,44790.71025833995
1664184312.287467,54393.17577425159
1664184317.287467,45014.245102010354
1664184322.287467,22942.59482615609
1664184327.287467,48983.71515578297
1664184332.287467,35876.996741866344
1664184337.287467,39248.72206267114
1664184342.287467,41183.08121013666
1664184347.287467,39333.454018002725
1664184352.287467,25379.832523667537
1664184357.287467,17562.84527340398
1664184362.287467,19516.90690651743
1664184367.287467,22721.808578149517
1664184372.287467,19051.138836262246
1664184377.287467,18794.466932819712
1664184382.287467,16128.169331113215
1664184387.287467,13539.870631286745
1664184392.287467,11747.263420381843
1664184397.287467,16175.582124383782
1664184402.287467,18421.36638900082
1664184407.287467,19027.380425663432
1664184412.287467,13622.941582531721
1664184417.287467,10182.202986982456
1664184422.287467,22042.977925802676
1664184427.287467,17519.661823970204
1664184432.287467,16030.235055748595
1664184437.287467,22898.968639416576
1664184442.287467,13664.980226554577
1664184447.287467,23459.668790768275
1664184452.287467,19664.334144304725
1664184457.287467,26383.1969853901
1664184462.287467,29666.736812822444
1664184467.287467,22122.54081061692
1664184472.287467,30179.924913312127
1664184477.287467,31616.656526463288
1664184482.287467,26474.687371958884
1664184487.287467,24442.688271684943
1664184492.287467,38341.6129752505
1664184497.287467,24248.747247522268
1664184502.287467,24349.94653334248
1664184507.287467,24904.501298980937
1664184512.287467,33390.29365684393
1664184517.287467,18354.801287390444
1664184522.287467,29505.91888872183
1664184527.287467,24850.97196249824
1664184532.287467,20348.992044764444
1664184537.287467,30878.818273916113
1664184542.287467,21797.16506139665
1664184547.287467,20926.83713675524
1664184552.287467,20930.031526534643
1664184557.287467,23275.608105583993
1664184562.287467,30881.76688806341
1664184567.287467,36899.849865826385
1664184572.287467,40144.69271970853
1664184577.287467,33453.931098199464
1664184582.287467,33426.18944070228
1664184587.287467,11343.60890276543
1664184592.287467,12391.467327163162
1664184597.287467,18459.317565433164
1664184602.287467,11590.132360036147
1664184607.287467,17902.810844187123
1664184612.287467,17902.810844187123
1664184617.287467,34979.733458527175
1664184622.287467,45898.20693325898
1664184627.287467,50516.05986544343
1664184632.287467,48362.5172737151
1664184637.287467,27724.97240050543
1664184642.287467,31665.085341120277
1664184647.287467,40309.950333218
1664184652.287467,35195.371691950655
1664184657.287467,36547.5175594473
1664184662.287467,31101.61102686119
1664184667.287467,20573.210733966822
1664184672.287467,21621.447877462655
1664184677.287467,14003.84989475266
1664184682.287467,25871.625007570885
1664184687.287467,29376.225685715006
1664184692.287467,34638.21671066022
1664184697.287467,40235.33891208398
1664184702.287467,40235.33891208398
1664184707.287467,37884.34491630374
1664184712.287467,33378.01522933616
1664184717.287467,30776.472099290677
1664184722.287467,34394.2171244449
1664184727.287467,32714.680852127574
1664184732.287467,38105.03865392102
1664184737.287467,26335.01178063331
1664184742.287467,22289.773790027255
1664184747.287467,19780.955306956916
1664184752.287467,15666.017948350029
1664184757.287467,22523.099212645302
1664184762.287467,34581.24549277796
1664184767.287467,16835.810982581992
1664184772.287467,17006.15153380298
1664184777.287467,14384.120797644657
1664184782.287467,877.6634133836997
1664184787.287467,-5585.5510020919055
1664184792.287467,-88324.33420543782
1664184797.287467,7848.548275386867
1664184802.287467,17472.760726146418
1664184807.287467,16384.533782313585
1664184812.287467,16122.197228586412
1664184817.287467,8923.012887829445
1664184822.287467,12973.464570931115
1664184827.287467,23494.897968683083
1664184832.287467,15908.400444125724
1664184837.287467,15908.400444125724
1664184842.287467,25138.266052299587
1664184847.287467,28074.415551671802
1664184852.287467,31951.319674489012
1664184857.287467,18891.35195070177
1664184862.287467,22608.512572545173
1664184867.287467,24604.561969485054
1664184872.287467,14502.258674645616
1664184877.287467,20479.281306896344
1664184882.287467,20479.281306896344
1664184887.287467,20818.087676443545
1664184892.287467,18113.28736267499
1664184897.287467,13723.9841860214
1664184902.287467,10350.005412840865
1664184907.287467,9789.382388361728
1664184912.287467,5042.066162591832
1664184917.287467,9438.786776527635
1664184922.287467,19367.043605592196
1664184927.287467,12788.351201373296
1664184932.287467,19211.452550981347
1664184937.287467,24211.934164558745
1664184942.287467,19428.44561128145
1664184947.287467,21252.163578094103
1664184952.287467,27086.800249123684
1664184957.287467,32358.214083941686
1664184962.287467,20004.183972597148
1664184967.287467,19828.500247493237
1664184972.287467,13254.931835877585
1664184977.287467,13051.751265097122
1664184982.287467,10552.056460032745
1664184987.287467,8356.911874983789
1664184992.287467,10986.236996930533
1664184997.287467,6530.426657002191
1664185002.287467,19104.573192820804
1664185007.287467,22664.29079710403
1664185012.287467,28035.018796716067
1664185017.287467,45442.41842098104
1664185022.287467,30197.096397894347
1664185027.287467,21678.6381604322
1664185032.287467,20692.169793358098
1664185037.287467,19303.447502627176
1664185042.287467,11297.361120464007
1664185047.287467,16481.02395532877
1664185052.287467,17202.138053956816
1664185057.287467,14034.943728067115
1664185062.287467,18370.34906967319
1664185067.287467,18370.34906967319
1664185072.287467,13241.620359704037
1664185077.287467,12950.059616425513
1664185082.287467,8740.728113681731
1664185087.287467,6825.819226755663
1664185092.287467,16588.930587755716
1664185097.287467,17069.245470937076
1664185102.287467,16847.47735947911
1664185107.287467,43152.96640161221
1664185112.287467,21523.640535550694
1664185117.287467,15750.9946251044
1664185122.287467,19949.352683699915
1664185127.287467,15249.526952882843
1664185132.287467,15012.347302911312
1664185137.287467,9638.517484694941
1664185142.287467,13742.844419608848
1664185147.287467,13976.641490059885
1664185152.287467,8266.288423013462
1664185157.287467,3185.9308365208835
1664185162.287467,7278.974371458728
1664185167.287467,5629.236462792985
1664185172.287467,5629.236462792985
1664185177.287467,103745.23204528786
1664185182.287467,54926.34305256927
1664185187.287467,64330.028725954595
1664185192.287467,62716.41295569505
1664185197.287467,56159.619192056736
1664185202.287467,54275.470437182434
1664185207.287467,36096.80967433796
1664185212.287467,31680.553589607487
1664185217.287467,30366.31889864763
1664185222.287467,30060.838521142585
1664185227.287467,31760.08093082111
1664185232.287467,37994.80654995658
1664185237.287467,24271.27966103739
1664185242.287467,24271.27966103739
1664185247.287467,23013.172010751237
1664185252.287467,37687.63256511766
1664185257.287467,27627.655828236508
1664185262.287467,40286.47971155045
1664185267.287467,35362.657190435464
1664185272.287467,38779.77078237416
1664185277.287467,30954.92202557822
1664185282.287467,46736.31463292329
1664185287.287467,43389.398533411666
1664185292.287467,42272.11453260896
1664185297.287467,39777.69392979343
1664185302.287467,27399.107580018936
1664185307.287467,47324.48995839742
1664185312.287467,29132.131579579604
1664185317.287467,41268.35780745132
1664185322.287467,45899.0294029984
1664185327.287467,37919.67922666528
1664185332.287467,41303.010709602706
1664185337.287467,33336.11813835378
1664185342.287467,29812.203476912837
1664185347.287467,14840.060197894574
1664185352.287467,18088.233314443274
1664185357.287467,15321.334174413525
1664185362.287467,28382.917676743775
1664185367.287467,28184.39936812498
1664185372.287467,43529.556831493894
1664185377.287467,44355.48013940533
1664185382.287467,44355.48013940533
1664185387.287467,43606.23413181168
1664185392.287467,30455.365554312164
1664185397.287467,28658.437327428892
1664185402.287467,27936.081266095727
1664185407.287467,38194.70288034674
1664185412.287467,70029.3498856962
1664185417.287467,78298.8230407059
1664185422.287467,44028.89834955594
1664185427.287467,51015.62365266297
1664185432.287467,45600.60956644466
1664185437.287467,37900.86677250027
1664185442.287467,20172.98599107323
1664185447.287467,31554.848177376596
1664185452.287467,29598.043035940565
1664185457.287467,19797.147396328353
1664185462.287467,25485.450511154802
1664185467.287467,21646.56544950832
1664185472.287467,21646.56544950832
1664185477.287467,22824.892070267775
1664185482.287467,19683.558810295457
1664185487.287467,21219.8910135718
1664185492.287467,21036.26231853199
1664185497.287467,43374.28378858798
1664185502.287467,25882.248407038423
1664185507.287467,28510.996659914774
1664185512.287467,37840.58176070332
1664185517.287467,51993.09967840147
1664185522.287467,58061.70397959348
1664185527.287467,40227.48505586444
1664185532.287467,29935.024608323598
1664185537.287467,40937.27305489896
1664185542.287467,41188.73324198249
1664185547.287467,35509.96994580142
1664185552.287467,37222.18376466624
1664185557.287467,40061.22445227824
1664185562.287467,42558.87308863136
1664185567.287467,35786.93378842521
1664185572.287467,30217.427514489547
1664185577.287467,30851.38994938069
1664185582.287467,22449.04255033715
1664185587.287467,15296.979465103801
1664185592.287467,38591.021854239065
1664185597.287467,19381.055376018827
1664185602.287467,30388.145545782074
1664185607.287467,30291.865009625253
1664185612.287467,30189.903243940156
1664185617.287467,33495.8188869883
1664185622.287467,27473.353847654595
1664185627.287467,22177.723489052805
1664185632.287467,20801.89643843701
1664185637.287467,15895.857210532196
1664185642.287467,17949.53539190804
1664185647.287467,12234.765575135907
1664185652.287467,14792.124976141062
1664185657.287467,13489.07520814632
1664185662.287467,10830.059538254272
1664185667.287467,11387.18686059897
1664185672.287467,17438.56456801258
1664185677.287467,17120.129391973478
1664185682.287467,18901.8724395928
1664185687.287467,19241.430441619676
1664185692.287467,20737.196179866616
1664185697.287467,173
1664185702.287467,0
1664185707.287467,0
1664185712.287467,0
1664185717.287467,0
1664185722.287467,0
1664185727.287467,0
1664185732.287467,0
1664185737.287467,0
1664185742.287467,0
1664185747.287467,0
1664185752.287467,0
1664185757.287467,0
1664185762.287467,0
1664185767.287467,0
1664185772.287467,0
1664185777.287467,0
1664185782.287467,0
1664185787.287467,0
1664185792.287467,0
1664185797.287467,0
1664185802.287467,0
1664185807.287467,0
1664185812.287467,0
1664185817.287467,0
1664185822.287467,0
1664185827.287467,0
1664185832.287467,0
1664185837.287467,0
1664185842.287467,0
1664185847.287467,0
1664185852.287467,0
1664185857.287467,0
1664185862.287467,0
1664185867.287467,0
1664185872.287467,0
1664185877.287467,52285.38623731794
1664185882.287467,10149.993557419017
1664185887.287467,10149.993557419017
1664185892.287467,40943.70524758246
1664185897.287467,28439.30654328697
1664185902.287467,28713.31425216751
1664185907.287467,31934.84271420763
1664185912.287467,23438.958917113407
1664185917.287467,23438.958917113407
1664185922.287467,22303.45870171203
1664185927.287467,42223.287962735274
1664185932.287467,43286.07551709922
1664185937.287467,40673.23814562414
1664185942.287467,32619.53890540608
1664185947.287467,32280.485138491138
1664185952.287467,33131.42169711426
1664185957.287467,23668.63307443837
1664185962.287467,23668.63307443837
1664185967.287467,33038.25897965543
1664185972.287467,23958.186128801026
1664185977.287467,23517.808392657047
1664185982.287467,27317.283291469408
1664185987.287467,23667.26679408093
1664185992.287467,17820.269061213352
1664185997.287467,4333.729709970554
1664186002.287467,37266.319494956784
1664186007.287467,20769.435348697465
1664186012.287467,35626.27936746815
1664186017.287467,37941.82448661283
1664186022.287467,28503.73636474114
1664186027.287467,38714.825623709345
1664186032.287467,37188.19542836834
1664186037.287467,34726.55830448981
1664186042.287467,33656.86126096136
1664186047.287467,32089.024507959017
1664186052.287467,28765.15900668987
1664186057.287467,30888.611239454753
1664186062.287467,23404.13344606712
1664186067.287467,38008.99123011861
1664186072.287467,36088.16506829143
1664186077.287467,35446.37229857126
1664186082.287467,36704.46720451212
1664186087.287467,34595.25601725106
1664186092.287467,33892.78666636689
1664186097.287467,36700.557957590645
1664186102.287467,37092.500135503295
1664186107.287467,40490.44652678232
1664186112.287467,39769.10655208152
1664186117.287467,49658.35340454674
1664186122.287467,60218.20943652548
1664186127.287467,53101.3900753085
1664186132.287467,57973.08729848213
1664186137.287467,60959.39635889943
1664186142.287467,55075.22557440062
1664186147.287467,46803.63785495042
1664186152.287467,56197.171173535135
1664186157.287467,47013.525578195935
1664186162.287467,30285.38922777029
1664186167.287467,35649.121244036425
1664186172.287467,31274.43546710696
1664186177.287467,37317.23506239689
1664186182.287467,36888.59350954995
1664186187.287467,49040.69573526862
1664186192.287467,37636.47418046705
1664186197.287467,35500.27654157785
1664186202.287467,34048.21009230704
1664186207.287467,35030.28289436671
1664186212.287467,33864.67454902533
1664186217.287467,39036.41121613071
1664186222.287467,20606.542495288508
1664186227.287467,2043.223552204181
1664186232.287467,-25340.09373966223
1664186237.287467,-61559.88677626599
1664186242.287467,-128477.1847446752
1664186247.287467,-53863.26494847301
1664186252.287467,25040.73388469357
1664186257.287467,40842.3730846299
1664186262.287467,27981.25009434253
1664186267.287467,32739.647681743183
1664186272.287467,25782.304838782045
1664186277.287467,53678.50541495973
1664186282.287467,42217.83903173621
1664186287.287467,42217.83903173621
1664186292.287467,48021.08966707127
1664186297.287467,47394.66779244879
1664186302.287467,47394.66779244879
1664186307.287467,35093.484455787875
1664186312.287467,29775.363468701777
1664186317.287467,29775.363468701777
1664186322.287467,42281.53867528855
1664186327.287467,33989.6483343955
1664186332.287467,27066.645767385995
1664186337.287467,29512.926412365334
1664186342.287467,33813.87361951987
1664186347.287467,31145.282248909953
1664186352.287467,35755.65794864265
1664186357.287467,39345.754984778425
1664186362.287467,33766.15373861023
1664186367.287467,39489.950183179826
1664186372.287467,37990.379811289764
1664186377.287467,34519.41438686306
1664186382.287467,25957.160665017218
1664186387.287467,32614.739739544195
1664186392.287467,35981.3936182941
1664186397.287467,28288.86188811176
1664186402.287467,31851.1342692925
1664186407.287467,51452.55312543974
1664186412.287467,41212.94039929302
1664186417.287467,41783.49147653463
1664186422.287467,52680.83620164564
1664186427.287467,59667.71392489454
1664186432.287467,59666.5850572958
1664186437.287467,37886.95032148221
1664186442.287467,41151.45325682448
1664186447.287467,42708.14722726826
1664186452.287467,45370.853911230835
1664186457.287467,38916.0858764349
1664186462.287467,31471.615565880416
1664186467.287467,26564.301828754236
1664186472.287467,18942.92427186756
1664186477.287467,26388.674717759928
1664186482.287467,19039.14534100834
1664186487.287467,20429.38131506378
1664186492.287467,20305.03315579595
1664186497.287467,24443.67206192976
1664186502.287467,40211.330784890466
1664186507.287467,12220.205357150211
1664186512.287467,40947.92507674065
1664186517.287467,43377.33167377819
1664186522.287467,55727.48140287807
1664186527.287467,37643.826277637745
1664186532.287467,28878.85866921053
1664186537.287467,26039.321724968206
1664186542.287467,15949.458028644625
1664186547.287467,36977.66009016
1664186552.287467,26913.784859569823
1664186557.287467,25729.969962853276
1664186562.287467,37659.512170827795
1664186567.287467,39813.1221463416
1664186572.287467,37778.609334345245
1664186577.287467,33839.7454221379
1664186582.287467,32460.070093015587
1664186587.287467,40688.63070400535
1664186592.287467,35167.94656450093
1664186597.287467,53343.14383376829
1664186602.287467,40756.085167128
1664186607.287467,48666.8206686279
1664186612.287467,51001.861938607464
1664186617.287467,49798.84154515109
1664186622.287467,33949.9332573426
1664186627.287467,23825.59488460059
1664186632.287467,44547.68595732578
1664186637.287467,41244.05519749778
1664186642.287467,32465.881088937193
1664186647.287467,27095.274788834213
1664186652.287467,23229.29394498068
1664186657.287467,48108.57799925655
1664186662.287467,47250.636923100144
1664186667.287467,31135.61470373343
1664186672.287467,50322.70849520483
1664186677.287467,55394.82246120051
1664186682.287467,47517.27902682053
1664186687.287467,35019.94319496259
1664186692.287467,30918.43210013197
1664186697.287467,36901.69532450184
1664186702.287467,30484.756497598588
1664186707.287467,34251.40075291444
1664186712.287467,32342.91346951983
1664186717.287467,29973.868903343922
1664186722.287467,30126.149250320323
1664186727.287467,20825.749982247922
1664186732.287467,25241.111218382182
1664186737.287467,20471.080123390806
1664186742.287467,29082.70701626115
1664186747.287467,28204.699097821358
1664186752.287467,11471.888761157705
1664186757.287467,11225.220757599473
1664186762.287467,35734.76587463652
1664186767.287467,27372.171465446223
1664186772.287467,42530.66617242297
1664186777.287467,31665.107235399406
1664186782.287467,38874.39324126864
1664186787.287467,42106.0977730357
1664186792.287467,27844.957208397685
1664186797.287467,20391.676626170007
1664186802.287467,16695.16045938366
1664186807.287467,7191.393817771899
1664186812.287467,8221.058621020775
1664186817.287467,23198.09879729389
1664186822.287467,6354.658097877522
1664186827.287467,21731.338250180856
1664186832.287467,24803.95527357333
1664186837.287467,33179.40249907813
1664186842.287467,48586.19434579095
1664186847.287467,27359.41641669564
1664186852.287467,26605.497778167537
1664186857.287467,27501.888519081538
1664186862.287467,35442.80185752549
1664186867.287467,31013.06681328543
1664186872.287467,33625.439506796385
1664186877.287467,43283.7948555083
1664186882.287467,42038.346562234954
1664186887.287467,38385.90665797609
1664186892.287467,38065.34621083302
1664186897.287467,27093.569644795323
1664186902.287467,32548.507107173344
1664186907.287467,17603.41267661338
1664186912.287467,49836.28594069536
1664186917.287467,20599.026666697744
1664186922.287467,35216.43775681424
1664186927.287467,19188.33249987722
1664186932.287467,18349.820083611026
1664186937.287467,46745.345084773515
1664186942.287467,26456.57255282684
1664186947.287467,43598.073703571
1664186952.287467,35368.25110206724
1664186957.287467,26566.826605557606
1664186962.287467,17804.084864445053
1664186967.287467,40682.75823634929
1664186972.287467,33201.73532272112
1664186977.287467,33374.86359778198
1664186982.287467,46188.1243711029
1664186987.287467,49894.88026189429
1664186992.287467,44149.8424523282
1664186997.287467,29245.47406607737
1664187002.287467,20799.933857572734
1664187007.287467,13040.045392174834
1664187012.287467,41555.72312605742
1664187017.287467,45792.746010171046
1664187022.287467,26507.864874237566
1664187027.287467,22677.735239602058
1664187032.287467,45948.26265488878
1664187037.287467,30697.586754890257
1664187042.287467,43302.12324998891
1664187047.287467,37120.2375612358
1664187052.287467,28446.073042787775
1664187057.287467,33367.11347908095
1664187062.287467,42564.45113144946
1664187067.287467,27193.40420605148
1664187072.287467,33063.057405932035
1664187077.287467,35687.35389450768
1664187082.287467,26184.951626643226
1664187087.287467,44609.949699212564
1664187092.287467,35171.91661193377
1664187097.287467,45982.35037084932
1664187102.287467,43102.20906066105
1664187107.287467,53466.15702163216
1664187112.287467,45691.4097557491
1664187117.287467,27523.1919400866
1664187122.287467,17104.77843035486
1664187127.287467,14281.882859704776
1664187132.287467,15242.036213223606
1664187137.287467,9636.433558223984
1664187142.287467,12425.178858181516
1664187147.287467,22611.64137232643
1664187152.287467,28354.181964023956
1664187157.287467,17747.535651786347
1664187162.287467,25703.232794011936
1664187167.287467,28172.671503760306
1664187172.287467,35642.6720462005
1664187177.287467,29039.6237990038
1664187182.287467,38347.58400596226
1664187187.287467,41890.67126306534
1664187192.287467,41382.83580060811
1664187197.287467,10795.306105040447
1664187202.287467,-6308.298598749943
1664187207.287467,-4139.3540937695325
1664187212.287467,-11134.711985994047
1664187217.287467,27852.3212859913
1664187222.287467,32440.29037596075
1664187227.287467,47746.686390018316
1664187232.287467,56410.158967380616
1664187237.287467,65986.2298194393
1664187242.287467,56172.372062910814
1664187247.287467,20853.18712949531
1664187252.287467,21777.01515824262
1664187257.287467,20509.083710056788
1664187262.287467,14904.104449853668
1664187267.287467,8044.352300349942
1664187272.287467,4499
1664187277.287467,4499.06662372589
1664187282.287467,9744.153568333777
1664187287.287467,21477.922191463418
1664187292.287467,22142.6766003644
1664187297.287467,26608.641672749167
1664187302.287467,38672.04892037237
1664187307.287467,26627.7184788172
1664187312.287467,33195.90170637221
1664187317.287467,54421.462804405855
1664187322.287467,25219.28176517027
1664187327.287467,19576.766906265573
1664187332.287467,196.80826872924445
1664187337.287467,7797.787957837423
1664187342.287467,7871.859235211694
1664187347.287467,1660.2671924064853
1664187352.287467,22267.351473761737
1664187357.287467,16416.617012709416
1664187362.287467,17649.171749371057
1664187367.287467,36396.28705826718
1664187372.287467,25300.66006341045
1664187377.287467,20460.454168620392
1664187382.287467,18340.404074668833
1664187387.287467,35906.97781351715
1664187392.287467,37327.75220890507
1664187397.287467,31960.93824585306
1664187402.287467,46540.67229882677
1664187407.287467,25785.625743075343
1664187412.287467,18034.530482487364
1664187417.287467,12873.952478706358
1664187422.287467,25532.626051860614
1664187427.287467,22709.467411799953
1664187432.287467,22802.483545547308
1664187437.287467,23259.159975021037
1664187442.287467,36813.95315437739
1664187447.287467,36099.84012267317
1664187452.287467,35470.88946676479
1664187457.287467,30343.434363665285
1664187462.287467,24414.063278397098
1664187467.287467,36999.269926694804
1664187472.287467,42624.69353789527
1664187477.287467,31218.030112966386
1664187482.287467,39791.13340207453
1664187487.287467,40989.590793700816
1664187492.287467,38519.37041552714
1664187497.287467,34021.20245538997
1664187502.287467,39967.551479901296
1664187507.287467,18929.02996226652
1664187512.287467,18085.843767016086
1664187517.287467,12519.836351029935
1664187522.287467,25812.134957822534
1664187527.287467,19319.076630544714
1664187532.287467,5162.945487668705
1664187537.287467,12724.68447054784
1664187542.287467,13967.479593207909
1664187547.287467,8100.181441652547
1664187552.287467,8015.17572518497
1664187557.287467,9126.172879486254
1664187562.287467,39417.1533321923
1664187567.287467,25795.939346320425
1664187572.287467,53842.07268382476
1664187577.287467,34441.173866108424
1664187582.287467,16036.177160492793
1664187587.287467,15878.657117884974
1664187592.287467,18046.718681077575
1664187597.287467,11584.388606652987
1664187602.287467,12652.050586926842
1664187607.287467,53103.80941884282
1664187612.287467,19822.8635678969
1664187617.287467,30672.256986162705
1664187622.287467,35097.774707104916
1664187627.287467,22915.082184480205
1664187632.287467,30393.920092833694
1664187637.287467,24950.07351297904
1664187642.287467,90022.32964138857
1664187647.287467,103046.08196682342
1664187652.287467,203840.30476984812
1664187657.287467,246369.2385050745
1664187662.287467,263462.52861897915
1664187667.287467,204292.52135709388
1664187672.287467,56506.46676422376
1664187677.287467,34882.96057380938
1664187682.287467,30102.559522113737
1664187687.287467,19702.691799020227
1664187692.287467,22194.559872840866
1664187697.287467,18525.659499519857
1664187702.287467,32847.714253913815
1664187707.287467,30462.26124311661
1664187712.287467,31730.189463131406
1664187717.287467,39479.73229594024
1664187722.287467,36466.16757391517
1664187727.287467,48001.7886699744
1664187732.287467,47401.94395892946
1664187737.287467,44486.03386572405
1664187742.287467,35491.52243908228
1664187747.287467,32644.392259846885
1664187752.287467,14748.053981763944
1664187757.287467,23671.558210146242
1664187762.287467,22426.689137091744
1664187767.287467,18186.99243292342
1664187772.287467,19328.080107957292
1664187777.287467,18515.21156961667
1664187782.287467,16926.133181450936
1664187787.287467,19604.477310591443
1664187792.287467,13566.115467571395
1664187797.287467,15647.421530507994
1664187802.287467,15521.872199486937
1664187807.287467,12914.793660113573
1664187812.287467,19236.798671708948
1664187817.287467,31081.018549265482
1664187822.287467,12456.1352264758
1664187827.287467,12273.02066886082
1664187832.287467,29673.77570180436
1664187837.287467,12924.624879384537
1664187842.287467,34295.86290473094
1664187847.287467,11723.088275502858
1664187852.287467,20087.108509478243
1664187857.287467,25979.06718246681
1664187862.287467,28563.5700328965
1664187867.287467,30386.299265825386
1664187872.287467,34599.04249733124
1664187877.287467,37268.701571172
1664187882.287467,48036.29909606138
1664187887.287467,40558.07136430145
1664187892.287467,37778.739866692325
1664187897.287467,27938.290781422467
1664187902.287467,34625.083416763984
1664187907.287467,32977.83645526699
1664187912.287467,13413.322029945553
1664187917.287467,15736.794055127
1664187922.287467,23023.4279512101
1664187927.287467,44408.626280190525
1664187932.287467,44101.58429404399
1664187937.287467,30109.275289864818
1664187942.287467,14138.650146524717
1664187947.287467,33901.071387576056
1664187952.287467,26520.607397033407
1664187957.287467,20058.62610351746
1664187962.287467,17165.494033400704
1664187967.287467,28885.149083357137
1664187972.287467,23741.638139732404
1664187977.287467,22433.05141854626
1664187982.287467,22650.137108745323
1664187987.287467,26924.62694783839
1664187992.287467,28142.195845660506
1664187997.287467,31482.535165695823
1664188002.287467,32369.633193057583
1664188007.287467,40002.19761002911
1664188012.287467,51444.521428373104
1664188017.287467,57841.70942011852
1664188022.287467,80412.41192689657
1664188027.287467,104586.23364195685
1664188032.287467,178022.52643026193
1664188037.287467,153566.19988116348
1664188042.287467,37485.340974307044
1664188047.287467,47278.5737273216
1664188052.287467,60123.03180461854
1664188057.287467,68764.05170079751
1664188062.287467,85737.73157600056
1664188067.287467,89633.07132691573
1664188072.287467,83992.41844383863
1664188077.287467,22786.1511671929
1664188082.287467,9741.894320447795
1664188087.287467,19648.518975797946
1664188092.287467,18247.65928614005
1664188097.287467,18232.146842546204
1664188102.287467,18003.26338422779
1664188107.287467,21862.53859006814
1664188112.287467,42555.13055437273
1664188117.287467,15007.751328002178
1664188122.287467,15571.180024266008
1664188127.287467,45462.118916991
1664188132.287467,18956.75784473745
1664188137.287467,35286.76076646212
1664188142.287467,32168.3690391008
1664188147.287467,33126.94797324979
1664188152.287467,33126.94797324979
1664188157.287467,44800.22818620771
1664188162.287467,24337.981937829063
1664188167.287467,20062.030242488792
1664188172.287467,17360.584924615403
1664188177.287467,24388.230196569857
1664188182.287467,22200.346416648492
1664188187.287467,8572.569197124725
1664188192.287467,8813.98969397043
1664188197.287467,15468.622791377773
1664188202.287467,14011.456005747654
1664188207.287467,21972.357393503742
1664188212.287467,21727.102108764822
1664188217.287467,19264.474046320884
1664188222.287467,16336.153172684382
1664188227.287467,19215.994403585013
1664188232.287467,21963.401720218273
1664188237.287467,22125.27088742989
1664188242.287467,20919.911575289836
1664188247.287467,19420.30364415618
1664188252.287467,10864.488844060326
1664188257.287467,19076.078064185054
1664188262.287467,24181.604359112425
1664188267.287467,28229.957338970882
1664188272.287467,34722.34598256693
1664188277.287467,40020.95529113852
1664188282.287467,48251.23830586397
1664188287.287467,30824.66860377267
1664188292.287467,28452.41783121533
1664188297.287467,14031.892412456964
1664188302.287467,24454.47045069268
1664188307.287467,33956.88128525393
1664188312.287467,16470.033047949062
1664188317.287467,17733.594967708323
1664188322.287467,19749.69673031938
1664188327.287467,16871.022036109956
1664188332.287467,30659.31473213263
1664188337.287467,23262.951630441134
1664188342.287467,17419.781707340633
1664188347.287467,16619.95117721885
1664188352.287467,21130.857589429634
1664188357.287467,34158.55642003485
1664188362.287467,28269.517489427257
1664188367.287467,31799.572069489055
1664188372.287467,33582.73317932087
1664188377.287467,28757.221508349165
1664188382.287467,17805.5136513666
1664188387.287467,17322.103511616104
1664188392.287467,18136.004238013116
1664188397.287467,16619.704019142056
1664188402.287467,31311.244793114573
1664188407.287467,17419.3623115272
1664188412.287467,21286.57299461438
1664188417.287467,38573.51161286646
1664188422.287467,29322.556256360665
1664188427.287467,22661.312833598313
1664188432.287467,21189.59644238769
1664188437.287467,19982.16075666386
1664188442.287467,18632.118410256408
1664188447.287467,16371.6292306689
1664188452.287467,14642.516872215914
1664188457.287467,10214.158589363877
1664188462.287467,7762.602518884887
1664188467.287467,11919.376074705237
1664188472.287467,16491.24758847689
1664188477.287467,17745.19085315965
1664188482.287467,11885.756656209742
1664188487.287467,16036.62987594682
1664188492.287467,32650.068357361444
1664188497.287467,25292.612355993137
1664188502.287467,6297.437779208716
1664188507.287467,11265.832095477044
1664188512.287467,33038.381933843644
1664188517.287467,27783.68462563539
1664188522.287467,24574.602446538476
1664188527.287467,26422.771582457164
1664188532.287467,29293.810168105803
1664188537.287467,25168.595097872923
1664188542.287467,23613.57283643796
1664188547.287467,31213.662722544163
1664188552.287467,33422.02459320193
1664188557.287467,30071.742328073684
1664188562.287467,16779.12661925103
1664188567.287467,15966.398085716211
1664188572.287467,29150.936753255806
1664188577.287467,21592.797410398394
1664188582.287467,40748.8993247286
1664188587.287467,45094.68246397145
1664188592.287467,46477.22093679657
1664188597.287467,57683.314907727894
1664188602.287467,50841.44493689961
1664188607.287467,48381.12290350215
1664188612.287467,16140.230241388752
1664188617.287467,13684.88711631594
1664188622.287467,14501.42087943183
1664188627.287467,13879.864225267864
1664188632.287467,13938.654993435364
1664188637.287467,16906.63061434802
1664188642.287467,15267.487236428107
1664188647.287467,15330.673633666554
1664188652.287467,18897.479410652028
1664188657.287467,18897.479410652028
1664188662.287467,18079.05847657902
1664188667.287467,28855.160792259583
1664188672.287467,28699.554922179537
1664188677.287467,41636.841362465035
1664188682.287467,24113.281314760505
1664188687.287467,24113.281314760505
1664188692.287467,47581.25935563893
1664188697.287467,33152.18303248045
1664188702.287467,36576.39415931336
1664188707.287467,40554.00005802104
1664188712.287467,38228.77912602344
1664188717.287467,37945.10027954253
1664188722.287467,1118.080836979927
1664188727.287467,10792.216810232398
1664188732.287467,27818.337728517137
1664188737.287467,13803.027292094204
1664188742.287467,19442.572348025573
1664188747.287467,19732.231940724858
1664188752.287467,15621.596895341652
1664188757.287467,9575.830053151807
1664188762.287467,15617.498713980553
1664188767.287467,15617.498713980553
1664188772.287467,39917.365646460275
1664188777.287467,19387.54028400175
1664188782.287467,31383.91733297045
1664188787.287467,28707.302151416436
1664188792.287467,33156.449876528466
1664188797.287467,33156.449876528466
1664188802.287467,33711.7231514638
1664188807.287467,28430.254259980742
1664188812.287467,31500.395263292252
1664188817.287467,24543.499677539192
1664188822.287467,25881.245654183585
1664188827.287467,19174.635313172254
1664188832.287467,18208.381287128333
1664188837.287467,17229.17132213438
1664188842.287467,6967.563434477244
1664188847.287467,29366.794640173073
1664188852.287467,35642.26010259494
1664188857.287467,19237.357122526235
1664188862.287467,25954.02992173053
1664188867.287467,28525.52884460368
1664188872.287467,30825.856133371184
1664188877.287467,31007.545020821475
1664188882.287467,30216.739996345397
1664188887.287467,24825.06748799859
1664188892.287467,20940.818207418983
